# Blender 5.1.1
# www.blender.org
mtllib Porygon2.mtl
o Porygon2
v -0.298921 1.164919 0.570761
v -0.245246 1.114010 0.614195
v -0.255713 1.166118 0.624822
v -0.284872 1.111379 0.562935
v -0.303879 1.222221 0.574075
v -0.330996 1.162526 0.508124
v -0.336955 1.222219 0.510629
v -0.202456 1.164892 0.668678
v -0.229866 1.069850 0.598584
v -0.194746 1.111374 0.654418
v -0.298919 1.279511 0.570761
v -0.259721 1.222201 0.628886
v -0.255713 1.278285 0.624822
v -0.313513 1.106385 0.502752
v -0.357704 1.222173 0.439895
v -0.350864 1.160179 0.438536
v -0.205723 1.222181 0.673712
v -0.184679 1.065382 0.631774
v -0.262563 1.065382 0.552717
v -0.330997 1.281899 0.508124
v -0.245247 1.331160 0.614195
v -0.284873 1.333910 0.562935
v -0.331059 1.101930 0.435770
v -0.364997 1.222137 0.365453
v -0.357747 1.159016 0.365417
v -0.202457 1.279484 0.668678
v -0.284897 1.057355 0.496661
v -0.313514 1.339143 0.502752
v -0.229867 1.377627 0.598584
v -0.262564 1.382541 0.552717
v -0.350864 1.284182 0.438536
v -0.337059 1.099834 0.365354
v -0.194747 1.334020 0.654418
v -0.299002 1.051142 0.432912
v -0.284898 1.391525 0.496661
v -0.213698 1.408831 0.582170
v -0.229877 1.423273 0.547012
v -0.357748 1.285300 0.365417
v -0.184680 1.383004 0.631774
v -0.303998 1.048488 0.365303
v -0.331060 1.343735 0.435770
v -0.245279 1.437329 0.493438
v -0.179061 1.423852 0.598594
v -0.337060 1.345871 0.365354
v -0.299003 1.398350 0.432912
v -0.303999 1.401220 0.365303
v -0.255788 1.446814 0.431457
v -0.259819 1.450415 0.365272
v 0.245244 1.114012 0.614195
v 0.194744 1.111375 0.654418
v 0.229864 1.069851 0.598584
v 0.202454 1.164893 0.668678
v 0.284870 1.111381 0.562935
v 0.255711 1.166120 0.624822
v 0.298919 1.164921 0.570761
v 0.184678 1.065383 0.631774
v 0.205720 1.222183 0.673712
v 0.330994 1.162529 0.508124
v 0.262562 1.065384 0.552717
v 0.313511 1.106387 0.502752
v 0.259719 1.222203 0.628886
v 0.303877 1.222224 0.574075
v 0.350862 1.160182 0.438536
v 0.336953 1.222221 0.510629
v 0.357702 1.222176 0.439895
v 0.284896 1.057357 0.496661
v 0.255710 1.278286 0.624822
v 0.202454 1.279485 0.668678
v 0.364994 1.222140 0.365453
v 0.331058 1.101932 0.435770
v 0.357745 1.159019 0.365417
v 0.298916 1.279514 0.570761
v 0.330994 1.281901 0.508124
v 0.245243 1.331162 0.614195
v 0.194743 1.334022 0.654418
v 0.350861 1.284185 0.438536
v 0.357745 1.285302 0.365417
v 0.337057 1.099837 0.365354
v 0.299001 1.051145 0.432912
v 0.229863 1.377628 0.598584
v 0.184676 1.383005 0.631774
v 0.284869 1.333913 0.562935
v 0.331057 1.343737 0.435770
v 0.337056 1.345874 0.365354
v 0.303997 1.048490 0.365303
v 0.213694 1.408832 0.582170
v 0.179057 1.423854 0.598594
v 0.313510 1.339145 0.502752
v 0.298999 1.398353 0.432912
v 0.303995 1.401223 0.365303
v 0.262560 1.382543 0.552717
v 0.284895 1.391527 0.496661
v 0.255783 1.446815 0.431457
v 0.259814 1.450417 0.365272
v 0.229873 1.423275 0.547012
v 0.245275 1.437331 0.493438
v 0.054367 0.635041 -0.594812
v 0.062129 0.656836 -0.572224
v 0.060834 0.599702 -0.517177
v 0.078569 0.720448 -0.633705
v 0.053352 0.577992 -0.538922
v 0.068747 0.692899 -0.662277
v 0.030510 0.562884 -0.554784
v 0.039285 0.673212 -0.682678
v 0.031065 0.619483 -0.610951
v 0.053101 0.621718 -0.495709
v 0.054367 0.678622 -0.549628
v 0.036374 0.512574 -0.518229
v 0.071626 0.556570 -0.476014
v 0.063374 0.529491 -0.499496
v 0.054183 0.730359 -0.773676
v 0.108367 0.795510 -0.706128
v 0.094828 0.757504 -0.745536
v 0.000000 0.556961 -0.561233
v 0.000000 0.613250 -0.617405
v 0.030306 0.637781 -0.480690
v 0.068747 0.748007 -0.605142
v 0.031065 0.694190 -0.533499
v 0.039285 0.767687 -0.584731
v 0.061971 0.585640 -0.453997
v 0.044155 0.487495 -0.507670
v -0.000000 0.506656 -0.526407
v -0.000000 0.478371 -0.515206
v 0.068471 0.802188 -0.877344
v 0.000000 0.665343 -0.690844
v 0.000000 0.719496 -0.784941
v 0.000000 0.644319 -0.474789
v 0.035252 0.608533 -0.439654
v 0.000000 0.618434 -0.434401
v 0.054183 0.860664 -0.638581
v 0.000000 0.700415 -0.527035
v 0.000000 0.775561 -0.576572
v 0.136942 0.884519 -0.791985
v 0.094827 0.833521 -0.666725
v 0.076478 0.512415 -0.487083
v 0.088310 0.546456 -0.458963
v 0.000000 0.788467 -0.891570
v 0.119824 0.836493 -0.841776
v 0.075941 0.876181 -0.966688
v -0.000000 0.614543 -0.402722
v 0.000000 0.871527 -0.627319
v 0.119824 0.932548 -0.742190
v 0.068471 0.966854 -0.706625
v 0.076478 0.580499 -0.430842
v 0.000000 0.860961 -0.982469
v 0.151883 0.967496 -0.872018
v 0.132897 0.914227 -0.927242
v 0.044155 0.605419 -0.410258
v 0.000000 0.980575 -0.692399
v 0.075941 1.058812 -0.777344
v 0.000000 0.939759 -1.061649
v 0.134878 0.993818 -1.005601
v 0.132897 1.020762 -0.816793
v 0.000000 1.074031 -0.761566
v 0.077071 0.955215 -1.045639
v 0.000000 1.017918 -1.121915
v 0.134878 1.101941 -0.893503
v 0.154142 1.047887 -0.949559
v 0.077071 1.140561 -0.853478
v 0.000000 1.156002 -0.837456
v 0.071730 1.032081 -1.106929
v 0.000000 1.100252 -1.175182
v 0.125454 1.068199 -1.069782
v 0.000000 1.219050 -0.913386
v 0.125454 1.168768 -0.965517
v 0.062405 1.112614 -1.162164
v 0.000000 1.194036 -1.217016
v 0.143461 1.118334 -1.017506
v 0.109155 1.144003 -1.129822
v 0.071731 1.204585 -0.928083
v 0.000000 1.275255 -0.993744
v 0.045109 1.202926 -1.207651
v 0.028000 1.267572 -1.228832
v 0.000000 1.263355 -1.234379
v 0.124811 1.187653 -1.084367
v 0.078846 1.225639 -1.184252
v 0.062405 1.262692 -1.006569
v 0.000000 1.320447 -1.085959
v 0.109155 1.231506 -1.039104
v 0.016664 1.300249 -1.233071
v 0.000000 1.302667 -1.235410
v 0.090218 1.257168 -1.151415
v 0.047993 1.282593 -1.214435
v 0.056001 1.301242 -1.193925
v 0.045109 1.311409 -1.095182
v 0.028000 1.334910 -1.159020
v 0.000000 1.340302 -1.154605
v 0.078846 1.288844 -1.118723
v 0.025001 1.312690 -1.225021
v 0.000000 1.331600 -1.223208
v 0.016664 1.340325 -1.191522
v 0.000000 1.342751 -1.193856
v 0.047993 1.321064 -1.174549
v 0.033328 1.320287 -1.212296
v 0.025001 1.332730 -1.204244
v -0.054367 0.635041 -0.594812
v -0.053352 0.577992 -0.538922
v -0.060834 0.599702 -0.517177
v -0.030510 0.562884 -0.554784
v -0.062129 0.656836 -0.572224
v -0.031065 0.619483 -0.610951
v -0.078569 0.720448 -0.633705
v -0.039285 0.673212 -0.682678
v -0.068747 0.692899 -0.662277
v -0.071626 0.556570 -0.476014
v -0.036374 0.512574 -0.518229
v -0.063374 0.529491 -0.499496
v -0.054367 0.678622 -0.549628
v -0.053101 0.621718 -0.495709
v -0.108367 0.795510 -0.706128
v -0.054183 0.730359 -0.773676
v -0.094828 0.757504 -0.745536
v -0.076478 0.512415 -0.487083
v -0.061971 0.585640 -0.453997
v -0.088310 0.546456 -0.458963
v -0.044155 0.487494 -0.507670
v -0.068747 0.748007 -0.605142
v -0.030306 0.637781 -0.480690
v -0.039285 0.767687 -0.584731
v -0.031065 0.694190 -0.533499
v -0.136942 0.884519 -0.791985
v -0.068471 0.802188 -0.877344
v -0.119824 0.836493 -0.841776
v -0.076478 0.580499 -0.430842
v -0.035252 0.608533 -0.439654
v -0.094827 0.833521 -0.666725
v -0.054183 0.860664 -0.638581
v -0.151883 0.967496 -0.872018
v -0.075941 0.876181 -0.966688
v -0.132897 0.914227 -0.927242
v -0.044155 0.605419 -0.410258
v -0.119824 0.932548 -0.742190
v -0.068471 0.966854 -0.706625
v -0.134878 0.993818 -1.005601
v -0.132897 1.020762 -0.816793
v -0.075941 1.058812 -0.777344
v -0.154142 1.047887 -0.949559
v -0.077071 0.955215 -1.045639
v -0.125454 1.068199 -1.069782
v -0.134878 1.101941 -0.893503
v -0.143461 1.118334 -1.017506
v -0.071730 1.032081 -1.106929
v -0.109155 1.144003 -1.129822
v -0.125454 1.168768 -0.965517
v -0.077071 1.140561 -0.853478
v -0.124811 1.187653 -1.084367
v -0.062405 1.112614 -1.162164
v -0.078846 1.225639 -1.184252
v -0.109155 1.231506 -1.039104
v -0.071731 1.204585 -0.928083
v -0.090218 1.257168 -1.151415
v -0.045109 1.202926 -1.207651
v -0.056001 1.301242 -1.193925
v -0.028000 1.267572 -1.228832
v -0.047993 1.282593 -1.214435
v -0.078846 1.288844 -1.118723
v -0.062405 1.262692 -1.006569
v -0.033328 1.320287 -1.212296
v -0.016664 1.300249 -1.233071
v -0.025001 1.312690 -1.225021
v -0.047993 1.321064 -1.174549
v -0.045109 1.311409 -1.095182
v -0.028000 1.334910 -1.159020
v -0.025001 1.332730 -1.204244
v -0.016664 1.340325 -1.191522
v 0.000001 0.199758 -0.509405
v 0.000000 0.265051 -0.535402
v 0.084805 0.202036 -0.501866
v 0.088082 0.266319 -0.526753
v 0.000000 0.329164 -0.546316
v 0.165495 0.206862 -0.479814
v 0.089690 0.331399 -0.536550
v -0.000000 0.379707 -0.542620
v 0.171947 0.268897 -0.501785
v 0.237959 0.212229 -0.443822
v 0.088081 0.387424 -0.531566
v -0.000000 0.420327 -0.532348
v 0.174955 0.334747 -0.509575
v 0.247380 0.271562 -0.461475
v 0.080513 0.432643 -0.520644
v 0.171947 0.398313 -0.502989
v 0.251371 0.335849 -0.467708
v 0.312456 0.272916 -0.404594
v 0.299665 0.215048 -0.391137
v 0.365250 0.271563 -0.329905
v 0.348082 0.212230 -0.319006
v 0.317350 0.335837 -0.409778
v 0.371307 0.335847 -0.334604
v 0.312455 0.398750 -0.404594
v 0.247380 0.400119 -0.461477
v 0.237958 0.461970 -0.443822
v 0.161219 0.466237 -0.486161
v 0.404442 0.268881 -0.236378
v 0.383081 0.206859 -0.227943
v 0.411724 0.335848 -0.240354
v 0.365249 0.400120 -0.329905
v 0.299664 0.458567 -0.391137
v 0.064243 0.465310 -0.512633
v -0.000000 0.454673 -0.523530
v 0.111396 0.493697 -0.487139
v 0.168913 0.529836 -0.442021
v 0.428719 0.266247 -0.122975
v 0.404521 0.202019 -0.118464
v 0.437076 0.335795 -0.125185
v 0.404442 0.402799 -0.236378
v 0.348081 0.461676 -0.319006
v 0.280873 0.512196 -0.371495
v 0.225658 0.519001 -0.415788
v 0.124368 0.536301 -0.454236
v 0.106249 0.580984 -0.420444
v 0.437129 0.264383 0.000274
v 0.411854 0.198856 0.000167
v 0.404521 0.198512 0.118687
v 0.445986 0.335536 0.000332
v 0.428719 0.264009 0.123340
v 0.383081 0.200779 0.227999
v 0.428719 0.405362 -0.122975
v 0.383080 0.467658 -0.227943
v 0.320825 0.517820 -0.305097
v 0.261114 0.549197 -0.348399
v 0.218792 0.567614 -0.371508
v 0.149909 0.591812 -0.391561
v 0.404442 0.264992 0.236469
v 0.348082 0.205446 0.319006
v 0.437076 0.334921 0.125628
v 0.404520 0.472868 -0.118464
v 0.348117 0.528344 -0.218543
v 0.280883 0.566141 -0.297398
v 0.225673 0.604218 -0.305117
v 0.158186 0.635114 -0.313426
v 0.074359 0.633992 -0.359270
v 0.437129 0.406737 0.000274
v 0.428719 0.405853 0.123340
v 0.365250 0.267197 0.329905
v 0.299665 0.208378 0.391137
v 0.411724 0.334319 0.240465
v 0.404442 0.403630 0.236469
v 0.299704 0.583050 -0.213607
v 0.365351 0.536231 -0.113772
v 0.411853 0.475736 0.000167
v 0.404520 0.474687 0.118687
v 0.383080 0.470775 0.227999
v 0.237992 0.629969 -0.218568
v 0.165518 0.666605 -0.226584
v 0.081414 0.661891 -0.307495
v 0.312456 0.268596 0.404594
v 0.237959 0.205438 0.443822
v 0.371307 0.334103 0.334604
v 0.365249 0.400991 0.329905
v 0.348081 0.465055 0.319006
v 0.312544 0.594325 -0.111391
v 0.247437 0.646032 -0.113813
v 0.171971 0.686499 -0.118543
v 0.251441 0.652946 0.000033
v 0.371452 0.540284 0.000079
v 0.317469 0.599611 0.000028
v 0.365351 0.539304 0.113878
v 0.312544 0.598544 0.111428
v 0.348117 0.533602 0.218569
v 0.299704 0.590233 0.213617
v 0.247437 0.651249 0.113857
v 0.172262 0.701505 0.008622
v 0.320824 0.523487 0.305097
v 0.280883 0.573774 0.297398
v 0.237992 0.638785 0.218579
v 0.186088 0.690553 0.125596
v 0.317350 0.334077 0.409778
v 0.312455 0.399558 0.404594
v 0.251371 0.334052 0.467708
v 0.299664 0.461816 0.391137
v 0.247380 0.400958 0.461477
v 0.280873 0.517632 0.371495
v 0.237959 0.465354 0.443822
v 0.261114 0.556141 0.348399
v 0.225658 0.524714 0.415788
v 0.225673 0.613403 0.305117
v 0.218792 0.575310 0.371508
v 0.180276 0.674962 0.227065
v 0.171952 0.643972 0.312334
v 0.085414 0.724748 -0.016119
v 0.124847 0.720128 0.084281
v 0.144558 0.709595 0.151077
v 0.143851 0.694456 0.232684
v 0.136480 0.667078 0.303126
v 0.112730 0.643253 0.354904
v 0.150945 0.601894 0.390835
v 0.158173 0.536758 0.443857
v 0.075048 0.602503 0.417324
v 0.062888 0.638785 0.380525
v 0.165495 0.471846 0.479814
v 0.171947 0.403729 0.501785
v 0.174955 0.334026 0.509275
v 0.070966 0.733707 0.058272
v 0.081406 0.545790 0.461581
v 0.084804 0.477480 0.501866
v 0.088081 0.406413 0.526753
v 0.089690 0.333995 0.535348
v -0.000000 0.606527 0.422928
v -0.000000 0.549552 0.467858
v -0.000000 0.480080 0.509407
v -0.000000 0.407734 0.535401
v 0.000000 0.333977 0.544513
v -0.000000 0.641388 0.386794
v 0.247380 0.267163 0.461477
v 0.171947 0.264356 0.501785
v 0.165496 0.199844 0.479814
v 0.088082 0.261631 0.526753
v 0.084805 0.194810 0.501866
v 0.000000 0.260289 0.535402
v 0.000001 0.192434 0.509407
v -0.000000 0.733240 -0.017357
v -0.000000 0.741256 0.055463
v -0.070966 0.733707 0.058272
v -0.000000 0.719041 -0.125309
v -0.085414 0.724748 -0.016119
v -0.124847 0.720128 0.084281
v -0.088090 0.710875 -0.123085
v -0.172263 0.701505 0.008622
v -0.171972 0.686498 -0.118543
v -0.084816 0.690463 -0.230815
v -0.165518 0.666605 -0.226584
v -0.000000 0.699198 -0.231984
v -0.081414 0.661891 -0.307495
v -0.000000 0.674248 -0.300970
v 0.084815 0.690464 -0.230815
v 0.088090 0.710875 -0.123085
v -0.000000 0.649536 -0.345702
v -0.158186 0.635114 -0.313426
v -0.074359 0.633992 -0.359270
v -0.000000 0.630405 -0.379605
v -0.237993 0.629968 -0.218568
v -0.225674 0.604217 -0.305117
v -0.251442 0.652945 0.000033
v -0.247438 0.646031 -0.113813
v -0.149909 0.591812 -0.391561
v -0.218792 0.567613 -0.371508
v -0.186089 0.690552 0.125596
v -0.144558 0.709595 0.151077
v -0.247438 0.651248 0.113857
v -0.299705 0.583049 -0.213607
v -0.312545 0.594324 -0.111391
v -0.280884 0.566140 -0.297398
v -0.261115 0.549196 -0.348399
v -0.060126 0.615607 -0.392280
v -0.106249 0.580984 -0.420444
v -0.168913 0.529836 -0.442021
v -0.225658 0.519000 -0.415788
v -0.180277 0.674962 0.227065
v -0.143852 0.694456 0.232684
v -0.136481 0.667077 0.303126
v -0.237993 0.638784 0.218579
v -0.317470 0.599609 0.000028
v -0.312545 0.598543 0.111428
v -0.299705 0.590232 0.213617
v -0.365352 0.539302 0.113878
v -0.371453 0.540282 0.000079
v -0.365351 0.536229 -0.113772
v -0.411854 0.475733 0.000167
v -0.348118 0.528342 -0.218543
v -0.404521 0.472865 -0.118464
v -0.320825 0.517819 -0.305097
v -0.383080 0.467656 -0.227943
v -0.280873 0.512195 -0.371495
v -0.348082 0.461675 -0.319006
v -0.237959 0.461970 -0.443822
v -0.299664 0.458566 -0.391137
v -0.171953 0.643971 0.312334
v -0.112730 0.643252 0.354904
v -0.225674 0.613402 0.305117
v -0.280884 0.573773 0.297398
v -0.348118 0.533600 0.218569
v -0.404521 0.474684 0.118687
v -0.437129 0.406734 0.000274
v -0.428719 0.405360 -0.122975
v -0.404442 0.402797 -0.236378
v -0.365250 0.400117 -0.329905
v -0.312456 0.398749 -0.404594
v -0.150946 0.601893 0.390835
v -0.218792 0.575310 0.371508
v -0.261115 0.556140 0.348399
v -0.320825 0.523486 0.305097
v -0.383081 0.470773 0.227999
v -0.428719 0.405850 0.123340
v -0.445986 0.335532 0.000332
v -0.437075 0.335792 -0.125185
v -0.411724 0.335845 -0.240354
v -0.371307 0.335845 -0.334604
v -0.075048 0.602503 0.417324
v -0.062888 0.638785 0.380525
v -0.158173 0.536758 0.443857
v -0.225659 0.524713 0.415788
v -0.280874 0.517631 0.371495
v -0.348082 0.465053 0.319006
v -0.404442 0.403628 0.236469
v -0.437075 0.334918 0.125628
v -0.428719 0.266244 -0.122975
v -0.404441 0.268878 -0.236378
v -0.365249 0.271560 -0.329905
v -0.165495 0.471845 0.479814
v -0.237959 0.465353 0.443822
v -0.299664 0.461814 0.391137
v -0.365250 0.400989 0.329905
v -0.411724 0.334316 0.240465
v -0.437129 0.264379 0.000274
v -0.428719 0.264006 0.123340
v -0.404441 0.264989 0.236469
v -0.317350 0.335835 -0.409778
v -0.312455 0.272914 -0.404594
v -0.251371 0.335848 -0.467708
v -0.383080 0.206856 -0.227943
v -0.404520 0.202016 -0.118464
v -0.411853 0.198853 0.000167
v -0.404520 0.198509 0.118687
v -0.383080 0.200777 0.227999
v -0.348081 0.205444 0.319006
v -0.365249 0.267194 0.329905
v -0.299664 0.208376 0.391137
v -0.371307 0.334100 0.334604
v -0.312455 0.268594 0.404594
v -0.237958 0.205436 0.443822
v -0.312456 0.399556 0.404594
v -0.317350 0.334075 0.409778
v -0.251371 0.334050 0.467708
v -0.247380 0.400956 0.461477
v -0.247380 0.267162 0.461477
v -0.174955 0.334025 0.509275
v -0.171946 0.264355 0.501785
v -0.165495 0.199842 0.479814
v -0.171947 0.403728 0.501785
v -0.089690 0.333995 0.535348
v -0.088081 0.261630 0.526753
v -0.084804 0.194810 0.501866
v -0.088081 0.406413 0.526753
v -0.084805 0.477479 0.501866
v -0.081407 0.545790 0.461581
v 0.060126 0.615607 -0.392280
v -0.124369 0.536301 -0.454236
v -0.111396 0.493697 -0.487139
v -0.161219 0.466237 -0.486161
v -0.064243 0.465310 -0.512633
v -0.080513 0.432643 -0.520644
v -0.171947 0.398312 -0.502989
v -0.088081 0.387423 -0.531566
v -0.174955 0.334746 -0.509575
v -0.089690 0.331399 -0.536550
v -0.247380 0.400118 -0.461477
v -0.088081 0.266319 -0.526753
v -0.171947 0.268896 -0.501785
v -0.247380 0.271561 -0.461475
v -0.237958 0.212227 -0.443822
v -0.165494 0.206861 -0.479814
v -0.084804 0.202036 -0.501866
v -0.299664 0.215046 -0.391137
v -0.348081 0.212227 -0.319006
v 0.000001 0.145676 -0.467858
v 0.081407 0.148405 -0.461581
v 0.000001 0.102063 -0.409900
v 0.158174 0.154737 -0.443857
v 0.079680 0.105118 -0.404685
v 0.000001 0.068180 -0.334680
v 0.225659 0.162817 -0.415788
v 0.154298 0.113039 -0.391178
v 0.081415 0.071866 -0.329969
v 0.000001 0.043733 -0.240421
v 0.280874 0.167295 -0.371495
v 0.218793 0.124588 -0.371508
v 0.158187 0.082287 -0.319044
v 0.084817 0.048158 -0.236439
v 0.000001 0.028430 -0.125348
v 0.320826 0.162818 -0.305097
v 0.261115 0.137939 -0.348399
v 0.225675 0.098803 -0.305117
v 0.280884 0.124588 -0.297398
v 0.165519 0.061115 -0.227990
v 0.237993 0.082288 -0.218568
v 0.299706 0.113040 -0.213607
v 0.348118 0.154737 -0.218543
v 0.088091 0.033498 -0.123111
v 0.171973 0.048158 -0.118550
v 0.247438 0.071867 -0.113813
v 0.312545 0.105119 -0.111391
v 0.365352 0.148406 -0.113772
v 0.371453 0.144532 0.000079
v 0.000001 0.021335 0.000099
v 0.089696 0.026724 0.000088
v 0.174980 0.042095 0.000063
v 0.251442 0.066656 0.000033
v 0.317471 0.100702 0.000028
v 0.365352 0.143825 0.113878
v 0.312545 0.099669 0.111429
v 0.348118 0.146813 0.218569
v 0.247438 0.065767 0.113857
v 0.299706 0.103640 0.213617
v 0.320826 0.154021 0.305097
v 0.171973 0.041605 0.118633
v 0.237994 0.071811 0.218579
v 0.280884 0.114235 0.297399
v 0.088091 0.026672 0.123228
v 0.165519 0.049904 0.228011
v 0.225675 0.087399 0.305118
v 0.261115 0.128129 0.348399
v 0.280874 0.158681 0.371495
v 0.218793 0.114234 0.371508
v 0.158187 0.070210 0.319044
v 0.084817 0.036500 0.236469
v 0.000001 0.021513 0.125480
v 0.000001 0.031924 0.240454
v 0.081415 0.059365 0.329969
v 0.000001 0.055528 0.334681
v 0.154298 0.102215 0.391178
v 0.079681 0.093971 0.404686
v 0.000001 0.090792 0.409900
v 0.225659 0.154021 0.415788
v 0.158174 0.145611 0.443857
v 0.081408 0.139021 0.461582
v 0.000001 0.136181 0.467858
v -0.081406 0.148404 -0.461581
v -0.079679 0.105117 -0.404685
v -0.158172 0.154736 -0.443857
v -0.081413 0.071866 -0.329969
v -0.154296 0.113038 -0.391178
v -0.225657 0.162816 -0.415788
v -0.084814 0.048157 -0.236439
v -0.158185 0.082286 -0.319044
v -0.218791 0.124587 -0.371508
v -0.280872 0.167293 -0.371495
v -0.088088 0.033497 -0.123111
v -0.165517 0.061114 -0.227990
v -0.225673 0.098801 -0.305117
v -0.261114 0.137937 -0.348399
v -0.320824 0.162815 -0.305097
v -0.280882 0.124586 -0.297398
v -0.237991 0.082286 -0.218568
v -0.299704 0.113037 -0.213607
v -0.171971 0.048157 -0.118550
v -0.247436 0.071865 -0.113813
v -0.089694 0.026723 0.000088
v -0.174978 0.042094 0.000063
v -0.348116 0.154735 -0.218543
v -0.312543 0.105116 -0.111391
v -0.365350 0.148403 -0.113772
v -0.371451 0.144529 0.000079
v -0.251440 0.066654 0.000033
v -0.317469 0.100700 0.000028
v -0.365350 0.143822 0.113878
v -0.312543 0.099667 0.111429
v -0.348116 0.146810 0.218569
v -0.247436 0.065765 0.113857
v -0.299704 0.103638 0.213617
v -0.320824 0.154019 0.305097
v -0.171971 0.041603 0.118633
v -0.237992 0.071809 0.218579
v -0.280882 0.114232 0.297399
v -0.088088 0.026671 0.123228
v -0.165517 0.049903 0.228011
v -0.225673 0.087397 0.305118
v -0.261114 0.128127 0.348399
v -0.280872 0.158679 0.371495
v -0.218791 0.114233 0.371508
v -0.158185 0.070209 0.319044
v -0.084814 0.036500 0.236469
v -0.081413 0.059364 0.329969
v -0.154296 0.102214 0.391178
v -0.079679 0.093970 0.404686
v -0.225657 0.154020 0.415788
v -0.158172 0.145610 0.443857
v -0.081406 0.139021 0.461582
v 0.094779 0.741162 0.135648
v 0.115014 0.731589 0.183146
v 0.052820 0.752180 0.113273
v -0.000000 0.758050 0.108366
v 0.072475 0.787204 0.179452
v 0.039739 0.795038 0.160474
v -0.000000 0.799092 0.154872
v 0.118758 0.719120 0.240336
v 0.091204 0.779925 0.213976
v 0.065194 0.845543 0.207805
v 0.035419 0.850778 0.189061
v -0.000000 0.853397 0.182583
v -0.000000 0.900486 0.191213
v 0.037749 0.898700 0.199119
v -0.000000 0.938558 0.189023
v 0.096711 0.770804 0.254958
v 0.083682 0.840324 0.238128
v 0.069434 0.894885 0.220466
v 0.044351 0.936998 0.199154
v -0.000000 0.957456 0.180957
v 0.056219 0.955292 0.194672
v 0.080720 0.933425 0.225683
v 0.100763 0.950336 0.229568
v 0.088991 0.890583 0.252888
v 0.101122 0.928937 0.264749
v 0.121958 0.944126 0.279397
v 0.090007 0.833836 0.273660
v 0.095732 0.885429 0.290561
v 0.083298 0.824794 0.308031
v 0.089777 0.757443 0.293306
v 0.111242 0.699412 0.291785
v 0.107331 0.924436 0.309880
v 0.088971 0.879059 0.327660
v 0.064618 0.816549 0.336680
v 0.070334 0.745688 0.324452
v 0.089120 0.682292 0.331734
v 0.049048 0.677588 0.354419
v 0.038312 0.741378 0.343825
v -0.000000 0.678340 0.361445
v 0.126717 0.939613 0.336573
v 0.101122 0.920811 0.354602
v 0.121958 0.939755 0.393515
v 0.069405 0.872991 0.358600
v 0.080720 0.917225 0.391084
v 0.100763 0.939874 0.438511
v 0.035035 0.812455 0.355041
v 0.037730 0.868741 0.377789
v 0.044351 0.912838 0.411490
v 0.056219 0.935299 0.459852
v -0.000000 0.931837 0.464607
v -0.000000 0.910445 0.417675
v -0.000000 0.741083 0.350566
v 0.000000 0.811441 0.361650
v -0.000000 0.867072 0.384449
v -0.037730 0.868741 0.377789
v -0.035035 0.812455 0.355041
v -0.038312 0.741378 0.343825
v -0.049048 0.677588 0.354419
v -0.044352 0.912838 0.411490
v -0.056219 0.935299 0.459852
v -0.100764 0.939873 0.438511
v -0.080720 0.917224 0.391084
v -0.121958 0.939754 0.393515
v -0.069405 0.872990 0.358600
v -0.101122 0.920811 0.354602
v -0.126718 0.939612 0.336573
v -0.064618 0.816549 0.336680
v -0.088971 0.879058 0.327660
v -0.107331 0.924435 0.309880
v -0.121958 0.944125 0.279397
v -0.070334 0.745688 0.324452
v -0.089121 0.682292 0.331734
v -0.111242 0.699412 0.291785
v -0.089777 0.757443 0.293306
v -0.118758 0.719120 0.240336
v -0.083298 0.824794 0.308031
v -0.096711 0.770804 0.254958
v -0.095732 0.885428 0.290561
v -0.090007 0.833836 0.273660
v -0.101122 0.928936 0.264749
v -0.088991 0.890582 0.252888
v -0.083682 0.840323 0.238128
v -0.091204 0.779925 0.213976
v -0.115015 0.731589 0.183146
v -0.100764 0.950336 0.229568
v -0.080720 0.933424 0.225683
v -0.056219 0.955291 0.194672
v -0.069434 0.894885 0.220466
v -0.044352 0.936998 0.199154
v -0.037749 0.898700 0.199119
v -0.065194 0.845543 0.207805
v -0.035419 0.850778 0.189061
v -0.039739 0.795038 0.160474
v -0.072475 0.787204 0.179452
v -0.052820 0.752180 0.113273
v -0.094779 0.741162 0.135648
v -0.544416 0.303451 0.423751
v -0.581396 0.296200 0.423746
v -0.544416 0.255039 0.456418
v -0.544416 0.341046 0.375851
v -0.563527 0.251237 0.456418
v -0.544416 0.204826 0.467035
v -0.596450 0.330716 0.375839
v -0.544416 0.369834 0.318186
v -0.613311 0.275161 0.423746
v -0.579727 0.240412 0.456418
v -0.607464 0.357292 0.318186
v -0.640563 0.301239 0.375839
v -0.634769 0.243554 0.423743
v -0.590550 0.224211 0.456418
v -0.660926 0.321592 0.318168
v -0.670039 0.257127 0.375839
v -0.641104 0.204826 0.423723
v -0.594352 0.204826 0.456418
v -0.590550 0.185441 0.456418
v -0.544416 0.391096 0.244893
v -0.615605 0.376936 0.244893
v -0.681736 0.204826 0.375900
v -0.696643 0.268135 0.318168
v -0.675955 0.336611 0.244893
v -0.579727 0.169240 0.456418
v -0.634769 0.166098 0.423743
v -0.670039 0.152525 0.375839
v -0.544416 0.404937 0.155673
v -0.620923 0.389715 0.155673
v -0.709186 0.204826 0.318168
v -0.696643 0.141516 0.318168
v -0.716280 0.276261 0.244893
v -0.685759 0.346385 0.155673
v -0.563527 0.158415 0.456418
v -0.544416 0.154614 0.456418
v -0.613311 0.134490 0.423746
v -0.581398 0.113454 0.423746
v -0.544416 0.106200 0.423751
v -0.544416 0.068607 0.375851
v -0.596450 0.078938 0.375839
v -0.544416 0.039819 0.318186
v -0.640563 0.108413 0.375839
v -0.607464 0.052360 0.318186
v -0.660926 0.088061 0.318168
v -0.544416 0.018556 0.244893
v -0.615607 0.032716 0.244893
v -0.544416 0.004715 0.155673
v -0.675955 0.073041 0.244893
v -0.620923 0.019936 0.155673
v -0.716280 0.133392 0.244893
v -0.685759 0.063267 0.155673
v -0.730443 0.204826 0.244888
v -0.729079 0.128111 0.155673
v -0.729079 0.281541 0.155673
v -0.744235 0.204826 0.155673
v -0.748622 0.204826 0.056599
v -0.733306 0.283543 0.056599
v -0.733306 0.126110 0.056599
v -0.688929 0.059807 0.056599
v -0.622559 0.015524 0.056599
v -0.544416 -0.000000 0.056599
v -0.544416 0.007400 -0.052398
v -0.619874 0.022409 -0.052398
v -0.544416 0.025679 -0.162055
v -0.683844 0.065151 -0.052398
v -0.612879 0.039295 -0.162055
v -0.544416 0.049398 -0.253491
v -0.726585 0.129121 -0.052398
v -0.670921 0.078075 -0.162055
v -0.603804 0.061208 -0.253491
v -0.544416 0.081900 -0.330782
v -0.726585 0.280530 -0.052398
v -0.743209 0.204826 -0.052398
v -0.723420 0.204826 -0.162055
v -0.709701 0.136117 -0.162055
v -0.654149 0.094848 -0.253491
v -0.687789 0.145194 -0.253491
v -0.591365 0.091238 -0.330782
v -0.631162 0.117834 -0.330782
v -0.544416 0.115083 -0.383677
v -0.578665 0.121896 -0.383677
v -0.544416 0.145365 -0.419194
v -0.699607 0.204826 -0.253491
v -0.657758 0.157632 -0.330782
v -0.607700 0.141296 -0.383677
v -0.567078 0.149873 -0.419194
v -0.544416 0.175169 -0.441150
v -0.709701 0.273535 -0.162055
v -0.687789 0.264457 -0.253491
v -0.667098 0.204826 -0.330782
v -0.657758 0.252020 -0.330782
v -0.627101 0.170331 -0.383677
v -0.586288 0.162709 -0.419194
v -0.555671 0.177408 -0.441150
v -0.544416 0.204826 -0.448574
v -0.565214 0.183783 -0.441150
v -0.599125 0.181920 -0.419194
v -0.571589 0.193325 -0.441150
v -0.633913 0.204826 -0.383677
v -0.603631 0.204826 -0.419194
v -0.573829 0.204826 -0.441150
v -0.571589 0.216327 -0.441150
v -0.599125 0.227733 -0.419194
v -0.565214 0.225869 -0.441150
v -0.627101 0.239321 -0.383677
v -0.586288 0.246943 -0.419194
v -0.607700 0.268356 -0.383677
v -0.631162 0.291818 -0.330782
v -0.654149 0.314805 -0.253491
v -0.670921 0.331577 -0.162055
v -0.555671 0.232245 -0.441150
v -0.567078 0.259778 -0.419194
v -0.544416 0.234483 -0.441150
v -0.544416 0.264287 -0.419194
v -0.578665 0.287757 -0.383677
v -0.544416 0.294569 -0.383677
v -0.591365 0.318414 -0.330782
v -0.544416 0.327751 -0.330782
v -0.603804 0.348445 -0.253491
v -0.683844 0.344500 -0.052398
v -0.612879 0.370357 -0.162055
v -0.544416 0.360253 -0.253491
v -0.688929 0.349844 0.056599
v -0.619874 0.387243 -0.052398
v -0.622559 0.394129 0.056599
v -0.544416 0.383972 -0.162055
v -0.544416 0.402252 -0.052398
v -0.544416 0.409651 0.056599
v -0.466275 0.394129 0.056599
v -0.468960 0.387243 -0.052398
v -0.475953 0.370357 -0.162055
v -0.485031 0.348445 -0.253491
v -0.467909 0.389715 0.155673
v -0.399903 0.349844 0.056599
v -0.404990 0.344500 -0.052398
v -0.417911 0.331577 -0.162055
v -0.403073 0.346385 0.155673
v -0.355526 0.283543 0.056599
v -0.362247 0.280530 -0.052398
v -0.497469 0.318414 -0.330782
v -0.434685 0.314805 -0.253491
v -0.379131 0.273535 -0.162055
v -0.473227 0.376936 0.244893
v -0.412877 0.336611 0.244893
v -0.359753 0.281541 0.155673
v -0.340213 0.204826 0.056599
v -0.372552 0.276261 0.244893
v -0.510167 0.287757 -0.383677
v -0.457670 0.291818 -0.330782
v -0.401043 0.264457 -0.253491
v -0.365412 0.204826 -0.162055
v -0.345623 0.204826 -0.052398
v -0.362247 0.129121 -0.052398
v -0.481368 0.357292 0.318186
v -0.427906 0.321592 0.318168
v -0.392189 0.268135 0.318168
v -0.344597 0.204826 0.155673
v -0.358391 0.204826 0.244888
v -0.359753 0.128111 0.155673
v -0.355526 0.126110 0.056599
v -0.379646 0.204826 0.318168
v -0.372552 0.133392 0.244894
v -0.403073 0.063267 0.155673
v -0.521757 0.259778 -0.419194
v -0.481132 0.268356 -0.383677
v -0.431074 0.252020 -0.330782
v -0.389227 0.204826 -0.253491
v -0.492382 0.330716 0.375839
v -0.448269 0.301239 0.375839
v -0.418795 0.257127 0.375839
v -0.407096 0.204826 0.375900
v -0.392189 0.141516 0.318168
v -0.412877 0.073041 0.244893
v -0.404990 0.065151 -0.052398
v -0.399903 0.059807 0.056599
v -0.467909 0.019936 0.155673
v -0.533161 0.232245 -0.441150
v -0.502544 0.246943 -0.419194
v -0.523618 0.225869 -0.441150
v -0.461731 0.239321 -0.383677
v -0.489709 0.227733 -0.419194
v -0.517243 0.216327 -0.441150
v -0.421737 0.204826 -0.330782
v -0.454919 0.204826 -0.383677
v -0.485201 0.204826 -0.419194
v -0.515005 0.204826 -0.441150
v -0.517243 0.193325 -0.441150
v -0.489709 0.181920 -0.419194
v -0.523618 0.183783 -0.441150
v -0.461731 0.170331 -0.383677
v -0.502544 0.162709 -0.419194
v -0.533161 0.177408 -0.441150
v -0.521757 0.149873 -0.419194
v -0.481132 0.141296 -0.383677
v -0.510167 0.121896 -0.383677
v -0.431074 0.157632 -0.330782
v -0.457670 0.117834 -0.330782
v -0.401043 0.145194 -0.253491
v -0.497469 0.091238 -0.330782
v -0.434685 0.094848 -0.253491
v -0.379131 0.136117 -0.162055
v -0.417911 0.078075 -0.162055
v -0.485031 0.061208 -0.253491
v -0.475953 0.039295 -0.162055
v -0.468960 0.022409 -0.052398
v -0.466275 0.015524 0.056599
v -0.473227 0.032716 0.244893
v -0.427906 0.088061 0.318168
v -0.481368 0.052360 0.318186
v -0.418795 0.152525 0.375839
v -0.448269 0.108413 0.375839
v -0.492382 0.078938 0.375839
v -0.447731 0.204826 0.423723
v -0.454063 0.166098 0.423743
v -0.475524 0.134491 0.423746
v -0.507436 0.113454 0.423746
v -0.525308 0.158415 0.456418
v -0.509107 0.169240 0.456418
v -0.498282 0.185441 0.456418
v -0.494482 0.204826 0.456418
v -0.498282 0.224211 0.456418
v -0.454063 0.243554 0.423743
v -0.509107 0.240412 0.456418
v -0.475524 0.275161 0.423746
v -0.525308 0.251237 0.456418
v -0.507436 0.296200 0.423746
v 0.544416 0.303451 0.423751
v 0.544416 0.255039 0.456418
v 0.581396 0.296200 0.423746
v 0.544416 0.341046 0.375851
v 0.596450 0.330716 0.375839
v 0.544416 0.369834 0.318186
v 0.563527 0.251237 0.456418
v 0.544416 0.204826 0.467035
v 0.613311 0.275161 0.423746
v 0.579727 0.240412 0.456418
v 0.607464 0.357292 0.318186
v 0.640563 0.301239 0.375839
v 0.634769 0.243554 0.423743
v 0.590550 0.224211 0.456418
v 0.660926 0.321592 0.318168
v 0.670039 0.257127 0.375839
v 0.641104 0.204826 0.423723
v 0.594352 0.204826 0.456418
v 0.590550 0.185441 0.456418
v 0.544416 0.391097 0.244893
v 0.615605 0.376936 0.244893
v 0.681736 0.204826 0.375900
v 0.696643 0.268135 0.318168
v 0.675955 0.336611 0.244893
v 0.579727 0.169240 0.456418
v 0.634769 0.166098 0.423743
v 0.670039 0.152526 0.375839
v 0.544416 0.404937 0.155673
v 0.620923 0.389715 0.155673
v 0.709186 0.204826 0.318168
v 0.696643 0.141516 0.318168
v 0.716280 0.276261 0.244893
v 0.685759 0.346385 0.155673
v 0.563527 0.158415 0.456418
v 0.544416 0.154614 0.456418
v 0.613311 0.134491 0.423746
v 0.581398 0.113454 0.423746
v 0.544416 0.106200 0.423751
v 0.544416 0.068607 0.375851
v 0.596450 0.078938 0.375839
v 0.544416 0.039819 0.318186
v 0.640563 0.108413 0.375839
v 0.607464 0.052360 0.318186
v 0.660926 0.088061 0.318168
v 0.544416 0.018556 0.244893
v 0.615607 0.032717 0.244893
v 0.544416 0.004715 0.155673
v 0.675955 0.073042 0.244893
v 0.620923 0.019936 0.155673
v 0.716280 0.133392 0.244893
v 0.685759 0.063267 0.155673
v 0.730443 0.204826 0.244888
v 0.729079 0.128112 0.155673
v 0.729079 0.281541 0.155673
v 0.744235 0.204826 0.155673
v 0.748622 0.204826 0.056599
v 0.733306 0.283543 0.056599
v 0.733306 0.126111 0.056599
v 0.688929 0.059807 0.056599
v 0.622559 0.015524 0.056599
v 0.544416 0.000000 0.056599
v 0.544416 0.007400 -0.052398
v 0.619874 0.022409 -0.052398
v 0.544416 0.025679 -0.162055
v 0.683844 0.065151 -0.052398
v 0.612879 0.039295 -0.162055
v 0.544416 0.049398 -0.253491
v 0.726585 0.129121 -0.052398
v 0.670921 0.078075 -0.162055
v 0.603804 0.061208 -0.253491
v 0.544416 0.081900 -0.330782
v 0.726585 0.280530 -0.052398
v 0.743209 0.204826 -0.052398
v 0.723420 0.204826 -0.162055
v 0.709701 0.136117 -0.162055
v 0.654149 0.094848 -0.253491
v 0.687789 0.145194 -0.253491
v 0.591365 0.091238 -0.330782
v 0.631162 0.117834 -0.330782
v 0.544416 0.115083 -0.383677
v 0.578665 0.121896 -0.383677
v 0.544416 0.145366 -0.419194
v 0.699607 0.204826 -0.253491
v 0.657758 0.157632 -0.330782
v 0.607700 0.141296 -0.383677
v 0.567078 0.149873 -0.419194
v 0.544416 0.175169 -0.441150
v 0.709701 0.273535 -0.162055
v 0.687789 0.264457 -0.253491
v 0.667098 0.204826 -0.330782
v 0.657758 0.252020 -0.330782
v 0.627101 0.170331 -0.383677
v 0.586288 0.162709 -0.419194
v 0.555671 0.177408 -0.441150
v 0.544416 0.204826 -0.448574
v 0.565213 0.183783 -0.441150
v 0.599125 0.181920 -0.419194
v 0.571589 0.193325 -0.441150
v 0.633913 0.204826 -0.383677
v 0.603631 0.204826 -0.419194
v 0.573829 0.204826 -0.441150
v 0.571589 0.216327 -0.441150
v 0.599125 0.227733 -0.419194
v 0.565213 0.225869 -0.441150
v 0.627101 0.239321 -0.383677
v 0.586288 0.246943 -0.419194
v 0.607700 0.268356 -0.383677
v 0.631162 0.291818 -0.330782
v 0.654149 0.314805 -0.253491
v 0.670921 0.331577 -0.162055
v 0.555671 0.232245 -0.441150
v 0.567078 0.259779 -0.419194
v 0.544416 0.234483 -0.441150
v 0.544416 0.264287 -0.419194
v 0.578665 0.287757 -0.383677
v 0.544416 0.294569 -0.383677
v 0.591365 0.318414 -0.330782
v 0.544416 0.327751 -0.330782
v 0.603804 0.348445 -0.253491
v 0.683844 0.344500 -0.052398
v 0.612879 0.370357 -0.162055
v 0.544416 0.360253 -0.253491
v 0.688929 0.349844 0.056599
v 0.619874 0.387243 -0.052398
v 0.622559 0.394129 0.056599
v 0.544416 0.383972 -0.162055
v 0.544416 0.402252 -0.052398
v 0.544416 0.409651 0.056599
v 0.466275 0.394129 0.056599
v 0.468960 0.387243 -0.052398
v 0.475953 0.370357 -0.162055
v 0.485031 0.348445 -0.253491
v 0.467909 0.389715 0.155673
v 0.399903 0.349844 0.056599
v 0.404990 0.344500 -0.052398
v 0.417911 0.331577 -0.162055
v 0.403073 0.346385 0.155673
v 0.355526 0.283543 0.056599
v 0.362247 0.280530 -0.052398
v 0.497469 0.318414 -0.330782
v 0.434685 0.314805 -0.253491
v 0.379131 0.273535 -0.162055
v 0.473227 0.376936 0.244893
v 0.412877 0.336611 0.244893
v 0.340213 0.204826 0.056599
v 0.359753 0.281541 0.155673
v 0.372552 0.276261 0.244893
v 0.510167 0.287757 -0.383677
v 0.457670 0.291818 -0.330782
v 0.401043 0.264457 -0.253491
v 0.365412 0.204826 -0.162055
v 0.345623 0.204826 -0.052398
v 0.362247 0.129121 -0.052398
v 0.481368 0.357292 0.318186
v 0.427906 0.321592 0.318168
v 0.392189 0.268135 0.318168
v 0.344597 0.204826 0.155673
v 0.358391 0.204826 0.244888
v 0.359753 0.128112 0.155673
v 0.355526 0.126111 0.056599
v 0.379646 0.204826 0.318168
v 0.372552 0.133392 0.244894
v 0.403073 0.063267 0.155673
v 0.521757 0.259779 -0.419194
v 0.481132 0.268356 -0.383677
v 0.431073 0.252020 -0.330782
v 0.389227 0.204826 -0.253491
v 0.492381 0.330716 0.375839
v 0.448269 0.301239 0.375839
v 0.418795 0.257127 0.375839
v 0.407096 0.204826 0.375900
v 0.392189 0.141516 0.318168
v 0.412877 0.073042 0.244893
v 0.404990 0.065151 -0.052398
v 0.399903 0.059807 0.056599
v 0.467909 0.019936 0.155673
v 0.533161 0.232245 -0.441150
v 0.502544 0.246943 -0.419194
v 0.523618 0.225869 -0.441150
v 0.461731 0.239321 -0.383677
v 0.489709 0.227733 -0.419194
v 0.517243 0.216327 -0.441150
v 0.421736 0.204826 -0.330782
v 0.454919 0.204826 -0.383677
v 0.485201 0.204826 -0.419194
v 0.515005 0.204826 -0.441150
v 0.517243 0.193325 -0.441150
v 0.489709 0.181920 -0.419194
v 0.523618 0.183783 -0.441150
v 0.461731 0.170331 -0.383677
v 0.502544 0.162709 -0.419194
v 0.533161 0.177408 -0.441150
v 0.521757 0.149873 -0.419194
v 0.481132 0.141296 -0.383677
v 0.510167 0.121896 -0.383677
v 0.431073 0.157632 -0.330782
v 0.457670 0.117834 -0.330782
v 0.401043 0.145194 -0.253491
v 0.497469 0.091238 -0.330782
v 0.434685 0.094848 -0.253491
v 0.379131 0.136117 -0.162055
v 0.417911 0.078075 -0.162055
v 0.485031 0.061208 -0.253491
v 0.475953 0.039295 -0.162055
v 0.468960 0.022409 -0.052398
v 0.466275 0.015524 0.056599
v 0.473227 0.032717 0.244893
v 0.427906 0.088061 0.318168
v 0.481368 0.052360 0.318186
v 0.418795 0.152526 0.375839
v 0.448269 0.108413 0.375839
v 0.492381 0.078938 0.375839
v 0.447731 0.204826 0.423723
v 0.454063 0.166098 0.423743
v 0.475523 0.134491 0.423746
v 0.507436 0.113454 0.423746
v 0.525308 0.158415 0.456418
v 0.509107 0.169240 0.456418
v 0.498282 0.185441 0.456418
v 0.494482 0.204826 0.456418
v 0.498282 0.224211 0.456418
v 0.454063 0.243554 0.423743
v 0.509107 0.240412 0.456418
v 0.475523 0.275161 0.423746
v 0.525308 0.251237 0.456418
v 0.507436 0.296200 0.423746
v 0.126717 0.939613 0.336573
v 0.156530 0.947830 0.358110
v 0.121958 0.939755 0.393515
v 0.153207 0.951162 0.424500
v 0.205778 0.970766 0.365275
v 0.100763 0.939874 0.438511
v 0.202502 0.974614 0.432900
v 0.133275 0.958642 0.495897
v 0.065444 0.950047 0.513471
v 0.259816 1.005346 0.365272
v 0.255785 1.008485 0.431457
v -0.000000 0.945886 0.516824
v 0.056219 0.935299 0.459852
v 0.245277 1.016654 0.493438
v 0.194772 0.985493 0.496669
v -0.000000 0.931837 0.464607
v 0.066629 0.974614 0.570809
v 0.184691 1.002734 0.552729
v 0.129459 0.985493 0.562963
v -0.056219 0.935299 0.459852
v 0.229875 1.028610 0.547012
v 0.179058 1.028609 0.598594
v 0.126276 1.016656 0.614228
v -0.065445 0.950046 0.513471
v 0.213696 1.041642 0.582170
v 0.065209 1.008485 0.624893
v -0.000000 0.970765 0.574134
v -0.133276 0.958641 0.495897
v -0.100764 0.939873 0.438511
v 0.129448 1.057357 0.654446
v -0.066629 0.974613 0.570809
v -0.153208 0.951161 0.424500
v 0.066622 1.051144 0.668762
v -0.000000 1.005345 0.628985
v -0.065210 1.008484 0.624893
v -0.126277 1.016655 0.614228
v -0.129459 0.985492 0.562963
v -0.156531 0.947828 0.358110
v -0.121958 0.939754 0.393515
v 0.165550 1.121660 0.674565
v 0.123905 1.089147 0.675937
v 0.065519 1.070417 0.680339
v -0.000001 1.048489 0.673831
v -0.066624 1.051143 0.668762
v -0.184691 1.002733 0.552729
v -0.129449 1.057356 0.654446
v -0.126718 0.939612 0.336573
v -0.202502 0.974613 0.432900
v -0.205779 0.970764 0.365275
v -0.000001 1.063191 0.683440
v -0.194773 0.985491 0.496669
v -0.179059 1.028608 0.598594
v -0.123907 1.089146 0.675937
v -0.255786 1.008483 0.431457
v 0.182725 1.164123 0.679084
v -0.065520 1.070417 0.680339
v -0.229876 1.028608 0.547012
v -0.245278 1.016652 0.493438
v -0.213697 1.041641 0.582170
v -0.165552 1.121658 0.674565
v -0.259817 1.005344 0.365272
v 0.169052 1.202594 0.691078
v -0.182727 1.164122 0.679084
v -0.169055 1.202593 0.691078
v 0.140719 1.281860 0.701235
v 0.130168 1.235368 0.710318
v -0.130171 1.235367 0.710318
v -0.140722 1.281859 0.701235
v 0.072084 1.284156 0.721403
v 0.069785 1.255715 0.724880
v -0.069787 1.255715 0.724880
v -0.072087 1.284155 0.721403
v 0.135439 1.339353 0.683489
v -0.000001 1.263312 0.730951
v 0.129446 1.392403 0.654446
v 0.069402 1.344026 0.701301
v -0.000002 1.285288 0.728391
v -0.135443 1.339352 0.683489
v 0.066621 1.399535 0.668762
v -0.000002 1.346198 0.707392
v -0.069405 1.344025 0.701301
v 0.184689 1.453968 0.552729
v 0.126275 1.438613 0.614228
v -0.129450 1.392402 0.654446
v -0.000002 1.402535 0.673831
v 0.129457 1.475588 0.562963
v -0.066625 1.399535 0.668762
v 0.065207 1.448593 0.624893
v 0.194770 1.474832 0.496669
v 0.135457 1.502682 0.502762
v -0.184693 1.453967 0.552729
v -0.065212 1.448592 0.624893
v -0.126279 1.438612 0.614228
v 0.066627 1.489106 0.570809
v 0.202500 1.487920 0.432900
v 0.140739 1.519241 0.435742
v -0.129461 1.475587 0.562963
v -0.000002 1.452387 0.628985
v 0.069411 1.519538 0.508129
v 0.205777 1.492523 0.365275
v 0.143200 1.524890 0.365298
v -0.194775 1.474830 0.496669
v -0.066631 1.489105 0.570809
v -0.000002 1.493838 0.574134
v 0.072090 1.538356 0.438483
v 0.255783 1.446815 0.299075
v 0.073404 1.544861 0.365331
v -0.202504 1.487919 0.432900
v -0.135462 1.502681 0.502762
v -0.000002 1.525217 0.510631
v -0.069416 1.519537 0.508129
v 0.202500 1.487920 0.297635
v 0.140739 1.519240 0.294825
v -0.000002 1.544861 0.439829
v -0.205781 1.492521 0.365275
v -0.140744 1.519240 0.435742
v 0.245275 1.437331 0.237078
v 0.072090 1.538356 0.292125
v -0.000003 1.551747 0.365348
v -0.072095 1.538356 0.438483
v -0.255788 1.446813 0.299075
v -0.143205 1.524888 0.365298
v 0.229873 1.423275 0.183498
v 0.194770 1.474829 0.233849
v 0.135457 1.502680 0.227762
v -0.000002 1.544861 0.290805
v -0.073409 1.544861 0.365331
v -0.202504 1.487918 0.297635
v 0.213694 1.408832 0.148339
v 0.184689 1.453968 0.177781
v 0.069410 1.519538 0.222406
v -0.072095 1.538356 0.292125
v -0.245279 1.437329 0.237078
v -0.140744 1.519240 0.294825
v 0.179057 1.423851 0.131917
v 0.129457 1.475588 0.167548
v -0.000002 1.525217 0.219911
v -0.194775 1.474827 0.233849
v -0.229877 1.423273 0.183498
v -0.135462 1.502679 0.227762
v 0.126275 1.438613 0.116282
v -0.069415 1.519537 0.222406
v 0.066627 1.489103 0.159702
v -0.184693 1.453966 0.177781
v -0.213698 1.408831 0.148339
v -0.066631 1.489103 0.159702
v 0.065207 1.448593 0.105616
v -0.179061 1.423850 0.131917
v -0.129461 1.475587 0.167548
v -0.000002 1.493837 0.156376
v -0.126279 1.438612 0.116282
v -0.000002 1.452387 0.101524
v -0.065212 1.448592 0.105616
v -0.000000 0.957456 0.180957
v -0.000000 0.966876 0.164083
v 0.056219 0.955292 0.194672
v 0.065444 0.964769 0.179132
v 0.066629 0.982394 0.144574
v 0.100763 0.950336 0.229568
v -0.000000 0.982434 0.133683
v 0.133276 0.961871 0.221603
v 0.065209 1.010428 0.101834
v 0.129459 0.987438 0.163766
v 0.121958 0.944126 0.279397
v -0.000000 1.008261 0.095851
v 0.126276 1.017141 0.115337
v 0.153207 0.952254 0.291643
v 0.066622 1.051144 0.061748
v 0.184690 1.002734 0.177781
v 0.129448 1.057357 0.076065
v 0.184677 1.065383 0.098737
v -0.000001 1.048489 0.056679
v 0.179058 1.028609 0.131917
v 0.194772 0.985493 0.233849
v 0.135440 1.106391 0.047020
v 0.202502 0.974614 0.297635
v -0.000001 1.099861 0.023118
v 0.213695 1.041642 0.148339
v 0.069403 1.101946 0.029208
v 0.255785 1.008485 0.299075
v 0.229875 1.028609 0.183498
v 0.245277 1.016656 0.237079
v 0.229864 1.069851 0.131926
v 0.194744 1.111380 0.076093
v -0.000001 1.159116 0.002120
v 0.299001 1.051145 0.297660
v 0.262562 1.065384 0.177794
v 0.072085 1.160247 0.009106
v 0.140720 1.162546 0.029274
v 0.284896 1.057357 0.233864
v 0.245244 1.114012 0.116315
v 0.073401 1.222271 0.002164
v 0.143181 1.222246 0.023225
v -0.000001 1.222286 -0.005239
v 0.331058 1.101932 0.294871
v 0.284870 1.111381 0.167576
v 0.313511 1.106387 0.227790
v 0.202454 1.164921 0.061833
v 0.072084 1.284250 0.009106
v 0.350862 1.160182 0.292191
v 0.298916 1.164921 0.159749
v 0.330994 1.162529 0.222441
v 0.202454 1.279513 0.061833
v 0.205720 1.222223 0.056799
v 0.255711 1.166128 0.105689
v -0.000002 1.285400 0.002120
v 0.140719 1.281916 0.029274
v 0.357702 1.222176 0.290878
v 0.255710 1.278292 0.105689
v 0.259719 1.222213 0.101623
v 0.303877 1.222224 0.156434
v 0.336953 1.222221 0.219948
v -0.000002 1.346225 0.023118
v 0.069402 1.344049 0.029208
v 0.194743 1.334026 0.076093
v 0.350861 1.284185 0.292191
v 0.245243 1.331164 0.116315
v 0.298916 1.279513 0.159749
v 0.066621 1.399535 0.061748
v 0.135439 1.339365 0.047020
v 0.331057 1.343737 0.294871
v 0.330994 1.281901 0.222441
v 0.229863 1.377628 0.131926
v -0.000002 1.402535 0.056679
v 0.129446 1.392401 0.076065
v 0.284869 1.333913 0.167576
v 0.313510 1.339145 0.227790
v 0.184676 1.383005 0.098737
v 0.298999 1.398350 0.297660
v 0.262560 1.382543 0.177794
v 0.284895 1.391527 0.233864
v -0.056219 0.955291 0.194672
v -0.065445 0.964768 0.179132
v -0.100764 0.950336 0.229568
v -0.066629 0.982393 0.144574
v -0.121958 0.944125 0.279397
v -0.133276 0.961870 0.221603
v -0.153208 0.952253 0.291643
v -0.129459 0.987437 0.163766
v -0.065210 1.010427 0.101834
v -0.194773 0.985491 0.233849
v -0.184691 1.002733 0.177781
v -0.126277 1.017140 0.115337
v -0.213697 1.041641 0.148339
v -0.179059 1.028608 0.131917
v -0.245278 1.016654 0.237079
v -0.229876 1.028608 0.183498
v -0.066624 1.051143 0.061748
v -0.202502 0.974612 0.297635
v -0.184679 1.065382 0.098737
v -0.262563 1.065382 0.177794
v -0.129449 1.057356 0.076065
v -0.255786 1.008483 0.299075
v -0.313513 1.106385 0.227790
v -0.284872 1.111378 0.167576
v -0.229866 1.069850 0.131926
v -0.135442 1.106390 0.047020
v -0.284897 1.057355 0.233864
v -0.069405 1.101946 0.029208
v -0.194746 1.111379 0.076093
v -0.299002 1.051142 0.297660
v -0.330996 1.162526 0.222441
v -0.140722 1.162545 0.029274
v -0.072087 1.160246 0.009106
v -0.245246 1.114010 0.116315
v -0.331059 1.101929 0.294871
v -0.336955 1.222219 0.219948
v -0.298918 1.164919 0.159749
v -0.073403 1.222270 0.002164
v -0.202456 1.164919 0.061833
v -0.350864 1.160179 0.292191
v -0.303879 1.222221 0.156434
v -0.072087 1.284249 0.009106
v -0.255713 1.166126 0.105689
v -0.143184 1.222245 0.023225
v -0.357704 1.222173 0.290878
v -0.259721 1.222211 0.101623
v -0.140722 1.281915 0.029274
v -0.205722 1.222222 0.056799
v -0.330997 1.281899 0.222441
v -0.350864 1.284182 0.292191
v -0.069405 1.344048 0.029208
v -0.298919 1.279511 0.159749
v -0.202457 1.279512 0.061833
v -0.255713 1.278290 0.105689
v -0.331060 1.343735 0.294871
v -0.135443 1.339364 0.047020
v -0.313514 1.339143 0.227790
v -0.245247 1.331162 0.116315
v -0.299003 1.398348 0.297660
v -0.066625 1.399535 0.061748
v -0.194747 1.334025 0.076093
v -0.284873 1.333910 0.167576
v -0.284898 1.391525 0.233864
v -0.129450 1.392400 0.076065
v -0.184680 1.383004 0.098737
v -0.229867 1.377627 0.131926
v -0.262564 1.382541 0.177794
v 0.019380 1.176046 1.305829
v -0.000001 1.164225 1.312293
v 0.020730 1.164225 1.309154
v -0.000001 1.176302 1.307932
v 0.036971 1.176069 1.294176
v -0.000001 1.189078 1.292215
v 0.032231 1.185464 1.290442
v 0.017960 1.188502 1.291661
v 0.039640 1.164225 1.295646
v -0.000001 1.201382 1.267193
v 0.042862 1.193704 1.267188
v 0.023460 1.199619 1.267155
v 0.055065 1.179218 1.267188
v 0.058473 1.164225 1.267170
v -0.000001 1.217013 1.211984
v 0.031387 1.214204 1.211984
v 0.076289 1.184311 1.211984
v 0.082106 1.164225 1.211984
v 0.059269 1.204844 1.211984
v -0.000001 1.233648 1.127270
v 0.100512 1.190207 1.127270
v 0.109318 1.164225 1.127270
v 0.040375 1.229881 1.127270
v 0.076812 1.215235 1.127270
v 0.124395 1.195147 1.015177
v 0.134673 1.164225 1.015192
v 0.048701 1.241806 1.015545
v 0.094623 1.223264 1.015314
v -0.000001 1.247010 1.015515
v 0.146247 1.199305 0.894184
v 0.158241 1.164225 0.894197
v 0.056935 1.249919 0.894171
v 0.110290 1.230303 0.894176
v -0.000001 1.255992 0.894148
v 0.162908 1.201634 0.764835
v 0.175179 1.164225 0.764781
v 0.066921 1.254387 0.764857
v 0.124657 1.234042 0.764857
v -0.000001 1.261923 0.764868
v 0.159136 1.123875 0.764837
v 0.144717 1.127827 0.894184
v 0.118832 1.092439 0.764858
v 0.124043 1.132970 1.015177
v 0.063307 1.073656 0.764860
v 0.110290 1.098147 0.894176
v 0.100512 1.138246 1.127270
v 0.094624 1.105185 1.015314
v 0.056935 1.078532 0.894171
v 0.076289 1.144141 1.211984
v -0.000001 1.066528 0.764868
v 0.076812 1.113216 1.127270
v 0.048702 1.086645 1.015545
v 0.055065 1.149234 1.267188
v -0.000001 1.072457 0.894149
v 0.059269 1.123605 1.211984
v 0.040375 1.098571 1.127270
v 0.036971 1.152380 1.294176
v -0.000001 1.081441 1.015515
v 0.042862 1.134745 1.267188
v 0.031387 1.114245 1.211984
v 0.019380 1.152406 1.305829
v -0.000001 1.094801 1.127270
v 0.032231 1.142988 1.290442
v 0.023461 1.128832 1.267155
v -0.000001 1.152149 1.307935
v -0.000001 1.111436 1.211984
v 0.017961 1.139947 1.291661
v -0.000001 1.139371 1.292215
v -0.000001 1.127067 1.267193
v -0.019382 1.176045 1.305829
v -0.020733 1.164224 1.309154
v -0.036973 1.176068 1.294176
v -0.032233 1.185464 1.290442
v -0.017963 1.188502 1.291661
v -0.039642 1.164224 1.295646
v -0.023463 1.199619 1.267155
v -0.042864 1.193704 1.267188
v -0.055067 1.179218 1.267188
v -0.058475 1.164224 1.267170
v -0.076291 1.184310 1.211984
v -0.082108 1.164224 1.211984
v -0.031390 1.214204 1.211984
v -0.059272 1.204844 1.211984
v -0.100514 1.190206 1.127270
v -0.109320 1.164224 1.127270
v -0.040377 1.229881 1.127270
v -0.076814 1.215235 1.127270
v -0.124397 1.195146 1.015177
v -0.134675 1.164224 1.015192
v -0.048704 1.241806 1.015545
v -0.094626 1.223264 1.015314
v -0.146249 1.199304 0.894184
v -0.158243 1.164224 0.894197
v -0.056938 1.249919 0.894171
v -0.110292 1.230302 0.894176
v -0.162910 1.201633 0.764835
v -0.175182 1.164224 0.764781
v -0.066924 1.254386 0.764857
v -0.124660 1.234041 0.764857
v -0.159138 1.123873 0.764837
v -0.144719 1.127825 0.894184
v -0.118834 1.092438 0.764858
v -0.124045 1.132969 1.015177
v -0.110292 1.098146 0.894176
v -0.063308 1.073655 0.764860
v -0.094625 1.105184 1.015314
v -0.056937 1.078532 0.894171
v -0.100514 1.138245 1.127270
v -0.076291 1.144140 1.211984
v -0.048703 1.086645 1.015545
v -0.076814 1.113216 1.127270
v -0.055067 1.149233 1.267188
v -0.040377 1.098570 1.127270
v -0.059271 1.123605 1.211984
v -0.036973 1.152380 1.294176
v -0.031389 1.114245 1.211984
v -0.042864 1.134745 1.267188
v -0.019382 1.152406 1.305829
v -0.023462 1.128832 1.267155
v -0.032233 1.142987 1.290442
v -0.017962 1.139947 1.291661
v -0.301009 1.164421 0.572117
v -0.246931 1.113083 0.615856
v -0.257491 1.165636 0.626572
v -0.286848 1.110418 0.564208
v -0.306008 1.222221 0.575465
v -0.333302 1.162001 0.509044
v -0.339312 1.222219 0.511574
v -0.204045 1.164406 0.670601
v -0.231479 1.068697 0.600171
v -0.196246 1.110447 0.656244
v -0.301009 1.280001 0.572117
v -0.261530 1.222201 0.630669
v -0.257491 1.278762 0.626572
v -0.315670 1.105354 0.503608
v -0.360199 1.222173 0.440375
v -0.353300 1.159628 0.439003
v -0.207343 1.222181 0.675668
v -0.186111 1.064234 0.633529
v -0.264453 1.064185 0.553921
v -0.333305 1.282419 0.509044
v -0.246940 1.332056 0.615863
v -0.286859 1.334838 0.564215
v -0.333312 1.100842 0.436207
v -0.367524 1.222137 0.365696
v -0.360211 1.158457 0.365658
v -0.204046 1.279961 0.670601
v -0.286937 1.056073 0.497467
v -0.315686 1.340136 0.503616
v -0.231433 1.378907 0.600121
v -0.264378 1.383875 0.553890
v -0.353300 1.284728 0.439003
v -0.339337 1.098732 0.365582
v -0.196257 1.334914 0.656252
v -0.301115 1.049796 0.433327
v -0.286852 1.392948 0.497451
v -0.215171 1.410316 0.583611
v -0.231566 1.424807 0.548127
v -0.360214 1.285851 0.365658
v -0.186090 1.384284 0.633453
v -0.306129 1.047124 0.365519
v -0.333334 1.344779 0.436209
v -0.247089 1.438945 0.494187
v -0.180410 1.425333 0.600154
v -0.339358 1.346930 0.365582
v -0.301028 1.399831 0.433319
v -0.306039 1.402719 0.365519
v -0.257657 1.448487 0.431848
v -0.261703 1.452104 0.365481
v 0.301007 1.164424 0.572117
v 0.257489 1.165638 0.626572
v 0.246929 1.113085 0.615856
v 0.306005 1.222224 0.575465
v 0.286846 1.110421 0.564208
v 0.339310 1.222221 0.511574
v 0.333300 1.162003 0.509044
v 0.204042 1.164408 0.670601
v 0.261527 1.222203 0.630669
v 0.207340 1.222183 0.675668
v 0.315668 1.105356 0.503608
v 0.231477 1.068698 0.600171
v 0.264451 1.064187 0.553921
v 0.301006 1.280004 0.572117
v 0.360196 1.222176 0.440375
v 0.333302 1.282422 0.509044
v 0.196244 1.110448 0.656244
v 0.257488 1.278764 0.626572
v 0.286936 1.056075 0.497467
v 0.353298 1.159631 0.439003
v 0.333311 1.100845 0.436207
v 0.286856 1.334840 0.564215
v 0.353297 1.284731 0.439003
v 0.315682 1.340138 0.503616
v 0.186109 1.064235 0.633529
v 0.204043 1.279963 0.670601
v 0.301114 1.049798 0.433327
v 0.367521 1.222140 0.365696
v 0.360209 1.158460 0.365658
v 0.246937 1.332058 0.615863
v 0.333330 1.344782 0.436209
v 0.264374 1.383877 0.553890
v 0.286848 1.392950 0.497451
v 0.339336 1.098734 0.365582
v 0.306128 1.047126 0.365519
v 0.360211 1.285854 0.365658
v 0.196253 1.334916 0.656252
v 0.231429 1.378909 0.600121
v 0.301024 1.399833 0.433319
v 0.231562 1.424809 0.548127
v 0.247085 1.438947 0.494187
v 0.339355 1.346933 0.365582
v 0.186087 1.384286 0.633453
v 0.215167 1.410318 0.583611
v 0.257653 1.448489 0.431848
v 0.306035 1.402721 0.365519
v 0.180406 1.425334 0.600154
v 0.261699 1.452106 0.365481
vn -0.8219 -0.1939 0.5356
vn -0.6647 -0.3594 0.6550
vn -0.6996 -0.1875 0.6895
vn -0.7785 -0.3757 0.5029
vn -0.8371 -0.0000 0.5471
vn -0.9085 -0.2066 0.3632
vn -0.9279 -0.0000 0.3728
vn -0.5482 -0.1928 0.8138
vn -0.6008 -0.5371 0.5921
vn -0.5067 -0.3858 0.7709
vn -0.8222 0.1918 0.5358
vn -0.7122 -0.0000 0.7020
vn -0.6998 0.1857 0.6898
vn -0.8494 -0.4064 0.3366
vn -0.9819 -0.0000 0.1894
vn -0.9586 -0.2175 0.1840
vn -0.5475 0.0016 0.8368
vn -0.4530 -0.5571 0.6960
vn -0.6986 -0.5580 0.4480
vn -0.9090 0.2040 0.3633
vn -0.6678 0.3484 0.6578
vn -0.7823 0.3635 0.5058
vn -0.8871 -0.4288 0.1706
vn -1.0000 -0.0001 0.0001
vn -0.9750 -0.2221 0.0001
vn -0.5462 0.1921 0.8153
vn -0.7433 -0.5988 0.2983
vn -0.8554 0.3914 0.3393
vn -0.6147 0.5078 0.6035
vn -0.7148 0.5249 0.4621
vn -0.9593 0.2143 0.1840
vn -0.8994 -0.4370 -0.0000
vn -0.5166 0.3639 0.7750
vn -0.7668 -0.6233 0.1537
vn -0.7680 0.5612 0.3084
vn -0.5632 0.6171 0.5495
vn -0.6090 0.6598 0.4402
vn -0.9758 0.2186 0.0001
vn -0.4746 0.5247 0.7067
vn -0.7754 -0.6315 -0.0000
vn -0.8949 0.4117 0.1720
vn -0.6510 0.7009 0.2913
vn -0.4550 0.6603 0.5975
vn -0.9080 0.4190 -0.0000
vn -0.7958 0.5845 0.1584
vn -0.8056 0.5924 -0.0000
vn -0.6740 0.7232 0.1509
vn -0.6823 0.7311 -0.0000
vn 0.6647 -0.3594 0.6550
vn 0.5067 -0.3858 0.7709
vn 0.6008 -0.5371 0.5921
vn 0.5482 -0.1928 0.8138
vn 0.7785 -0.3757 0.5029
vn 0.6996 -0.1875 0.6895
vn 0.8219 -0.1939 0.5356
vn 0.4531 -0.5571 0.6960
vn 0.5475 0.0016 0.8368
vn 0.9085 -0.2066 0.3632
vn 0.6986 -0.5580 0.4480
vn 0.8494 -0.4064 0.3366
vn 0.7122 -0.0000 0.7020
vn 0.8371 -0.0000 0.5471
vn 0.9586 -0.2175 0.1840
vn 0.9279 -0.0000 0.3728
vn 0.9819 -0.0000 0.1894
vn 0.7433 -0.5988 0.2983
vn 0.6998 0.1857 0.6898
vn 0.5462 0.1921 0.8153
vn 1.0000 -0.0001 0.0001
vn 0.8871 -0.4288 0.1706
vn 0.9750 -0.2221 0.0001
vn 0.8222 0.1918 0.5358
vn 0.9090 0.2040 0.3633
vn 0.6677 0.3484 0.6578
vn 0.5166 0.3639 0.7750
vn 0.9593 0.2143 0.1840
vn 0.9758 0.2186 0.0001
vn 0.8995 -0.4370 -0.0000
vn 0.7668 -0.6233 0.1537
vn 0.6147 0.5078 0.6035
vn 0.4746 0.5247 0.7067
vn 0.7823 0.3635 0.5058
vn 0.8949 0.4117 0.1720
vn 0.9080 0.4190 -0.0000
vn 0.7754 -0.6315 -0.0000
vn 0.5632 0.6171 0.5495
vn 0.4550 0.6603 0.5975
vn 0.8554 0.3915 0.3393
vn 0.7958 0.5845 0.1584
vn 0.8056 0.5925 -0.0000
vn 0.7148 0.5249 0.4621
vn 0.7680 0.5612 0.3084
vn 0.6740 0.7232 0.1509
vn 0.6823 0.7311 -0.0000
vn 0.6090 0.6598 0.4402
vn 0.6510 0.7009 0.2913
vn 0.8616 -0.4188 -0.2869
vn 0.9948 -0.0728 0.0708
vn 0.9965 0.0614 -0.0572
vn 0.9731 -0.1660 0.1600
vn 0.8625 -0.2864 -0.4173
vn 0.8421 -0.5055 -0.1880
vn 0.4963 -0.5455 -0.6754
vn 0.4865 -0.7512 -0.4461
vn 0.4973 -0.6712 -0.5497
vn 0.8651 0.4064 0.2941
vn 0.8614 0.2711 0.4295
vn 0.4632 -0.3558 -0.8117
vn 0.8972 0.2696 -0.3498
vn 0.7891 -0.0783 -0.6092
vn 0.4842 -0.7616 -0.4307
vn 0.9685 -0.1793 0.1729
vn 0.8382 -0.5169 -0.1738
vn -0.0000 -0.6395 -0.7688
vn -0.0000 -0.7648 -0.6443
vn 0.5036 0.6673 0.5488
vn 0.8423 0.1700 0.5116
vn 0.4975 0.5251 0.6905
vn 0.4866 0.4195 0.7663
vn 0.8009 0.5952 -0.0659
vn 0.2960 0.1087 -0.9490
vn -0.0000 -0.4684 -0.8835
vn -0.0000 0.0354 -0.9994
vn 0.4922 -0.7183 -0.4916
vn -0.0000 -0.8432 -0.5377
vn -0.0000 -0.8529 -0.5221
vn -0.0000 0.7683 0.6401
vn 0.4872 0.8473 0.2113
vn -0.0000 0.9408 0.3388
vn 0.4843 0.4031 0.7766
vn -0.0000 0.6169 0.7870
vn -0.0000 0.5078 0.8615
vn 0.9844 -0.1265 0.1220
vn 0.8382 0.1551 0.5228
vn 0.4779 0.3154 -0.8198
vn 0.5022 0.5505 -0.6669
vn -0.0000 -0.8108 -0.5853
vn 0.8523 -0.4692 -0.2311
vn 0.4986 -0.6528 -0.5703
vn -0.0000 0.9536 -0.3012
vn -0.0000 0.4911 0.8711
vn 0.8523 0.2140 0.4772
vn 0.4922 0.4654 0.7356
vn 0.4340 0.7484 -0.5016
vn -0.0000 -0.7460 -0.6660
vn 0.9973 -0.0532 0.0513
vn 0.8636 -0.3998 -0.3071
vn 0.2633 0.8959 -0.3578
vn -0.0000 0.5556 0.8314
vn 0.4986 0.5464 0.6729
vn -0.0000 -0.6615 -0.7499
vn 0.8652 -0.3148 -0.3904
vn 0.8636 0.2925 0.4106
vn -0.0000 0.6386 0.7695
vn 0.4995 -0.5690 -0.6533
vn -0.0000 -0.5784 -0.8158
vn 0.8652 0.3788 0.3286
vn 0.9990 0.0317 -0.0305
vn 0.4995 0.6323 0.5922
vn -0.0000 0.7256 0.6882
vn 0.4945 -0.4877 -0.7195
vn -0.0000 -0.4797 -0.8774
vn 0.8562 -0.2352 -0.4599
vn -0.0000 0.7943 0.6075
vn 0.8562 0.4512 0.2517
vn 0.4826 -0.3920 -0.7832
vn -0.0000 -0.3351 -0.9422
vn 0.9889 0.1068 -0.1030
vn 0.8353 -0.1449 -0.5303
vn 0.4945 0.7014 0.5134
vn -0.0000 0.8595 0.5111
vn 0.4562 -0.2542 -0.8528
vn 0.4120 -0.0877 -0.9069
vn -0.0000 -0.1534 -0.9882
vn 0.9652 0.1883 -0.1816
vn 0.7888 -0.0190 -0.6144
vn 0.4826 0.7686 0.4200
vn -0.0000 0.9295 0.3689
vn 0.8353 0.5247 0.1640
vn 0.3146 0.1811 -0.9318
vn -0.0000 0.2114 -0.9774
vn 0.9125 0.2944 -0.2840
vn 0.7082 0.1304 -0.6939
vn 0.8241 0.4078 -0.3933
vn 0.4562 0.8431 0.2848
vn 0.4120 0.9032 0.1204
vn -0.0000 0.9820 0.1890
vn 0.7888 0.6133 0.0411
vn 0.4821 0.4047 -0.7771
vn -0.0000 0.7197 -0.6942
vn 0.3146 0.9377 -0.1473
vn -0.0000 0.9844 -0.1760
vn 0.7082 0.6981 -0.1053
vn 0.6293 0.5594 -0.5396
vn 0.4821 0.7911 -0.3764
vn -0.8616 -0.4188 -0.2869
vn -0.8625 -0.2864 -0.4173
vn -0.9965 0.0614 -0.0572
vn -0.4963 -0.5455 -0.6754
vn -0.9948 -0.0728 0.0708
vn -0.4973 -0.6712 -0.5497
vn -0.9731 -0.1660 0.1600
vn -0.4865 -0.7512 -0.4461
vn -0.8421 -0.5055 -0.1880
vn -0.8972 0.2696 -0.3498
vn -0.4632 -0.3558 -0.8117
vn -0.7891 -0.0783 -0.6092
vn -0.8614 0.2711 0.4295
vn -0.8651 0.4064 0.2941
vn -0.9685 -0.1793 0.1729
vn -0.4842 -0.7616 -0.4307
vn -0.8382 -0.5169 -0.1738
vn -0.4779 0.3154 -0.8198
vn -0.8009 0.5952 -0.0659
vn -0.5022 0.5505 -0.6669
vn -0.2960 0.1087 -0.9490
vn -0.8423 0.1700 0.5116
vn -0.5036 0.6673 0.5488
vn -0.4866 0.4195 0.7663
vn -0.4975 0.5251 0.6905
vn -0.9844 -0.1265 0.1220
vn -0.4922 -0.7183 -0.4916
vn -0.8523 -0.4692 -0.2311
vn -0.4340 0.7484 -0.5016
vn -0.4872 0.8473 0.2113
vn -0.8382 0.1551 0.5228
vn -0.4843 0.4031 0.7766
vn -0.9973 -0.0532 0.0513
vn -0.4986 -0.6528 -0.5703
vn -0.8636 -0.3998 -0.3071
vn -0.2633 0.8959 -0.3578
vn -0.8523 0.2140 0.4772
vn -0.4922 0.4654 0.7356
vn -0.8652 -0.3148 -0.3904
vn -0.8636 0.2925 0.4106
vn -0.4986 0.5464 0.6729
vn -0.9990 0.0317 -0.0305
vn -0.4995 -0.5690 -0.6533
vn -0.8562 -0.2352 -0.4599
vn -0.8652 0.3788 0.3286
vn -0.9889 0.1068 -0.1030
vn -0.4945 -0.4877 -0.7195
vn -0.8353 -0.1449 -0.5303
vn -0.8562 0.4512 0.2517
vn -0.4995 0.6323 0.5922
vn -0.9652 0.1883 -0.1816
vn -0.4826 -0.3920 -0.7832
vn -0.7888 -0.0190 -0.6144
vn -0.8353 0.5247 0.1640
vn -0.4945 0.7014 0.5134
vn -0.9125 0.2944 -0.2840
vn -0.4562 -0.2542 -0.8528
vn -0.8241 0.4078 -0.3933
vn -0.4120 -0.0877 -0.9069
vn -0.7082 0.1304 -0.6939
vn -0.7888 0.6133 0.0411
vn -0.4826 0.7686 0.4200
vn -0.6293 0.5594 -0.5396
vn -0.3146 0.1811 -0.9318
vn -0.4821 0.4047 -0.7771
vn -0.7082 0.6981 -0.1053
vn -0.4562 0.8431 0.2848
vn -0.4120 0.9032 0.1204
vn -0.4821 0.7911 -0.3764
vn -0.3146 0.9377 -0.1473
vn -0.0000 -0.4927 -0.8702
vn -0.0000 -0.2685 -0.9633
vn 0.1735 -0.4844 -0.8575
vn 0.1912 -0.2575 -0.9472
vn -0.0000 -0.0459 -0.9989
vn 0.3366 -0.4578 -0.8229
vn 0.2059 -0.0286 -0.9781
vn -0.0000 0.1574 -0.9875
vn 0.3757 -0.2354 -0.8964
vn 0.5197 -0.4183 -0.7449
vn 0.2041 0.1770 -0.9628
vn -0.0000 0.2528 -0.9675
vn 0.3938 -0.0060 -0.9192
vn 0.5592 -0.2161 -0.8003
vn 0.1915 0.2924 -0.9369
vn 0.3867 0.2008 -0.9001
vn 0.5733 0.0003 -0.8193
vn 0.7250 -0.2086 -0.6564
vn 0.6815 -0.4001 -0.6128
vn 0.8523 -0.2181 -0.4754
vn 0.7964 -0.4230 -0.4322
vn 0.7405 -0.0000 -0.6721
vn 0.8711 -0.0000 -0.4911
vn 0.7259 0.2039 -0.6569
vn 0.5592 0.2108 -0.8018
vn 0.5361 0.3814 -0.7531
vn 0.3608 0.3854 -0.8493
vn 0.9272 -0.2317 -0.2941
vn 0.8498 -0.4568 -0.2631
vn 0.9521 -0.0000 -0.3057
vn 0.8533 0.2130 -0.4760
vn 0.6917 0.3726 -0.6186
vn 0.1857 0.3416 -0.9213
vn -0.0000 0.2820 -0.9594
vn 0.2633 0.4589 -0.8486
vn 0.3717 0.5743 -0.7294
vn 0.9610 -0.2397 -0.1382
vn 0.8705 -0.4759 -0.1257
vn 0.9897 0.0001 -0.1429
vn 0.9287 0.2252 -0.2946
vn 0.8077 0.3936 -0.4390
vn 0.6356 0.5381 -0.5536
vn 0.5014 0.5462 -0.6710
vn 0.2844 0.5902 -0.7555
vn 0.2438 0.7159 -0.6543
vn 0.9704 -0.2416 -0.0028
vn 0.8767 -0.4810 -0.0067
vn 0.8753 -0.4704 0.1124
vn 1.0000 0.0001 -0.0004
vn 0.9625 -0.2355 0.1345
vn 0.8572 -0.4456 0.2583
vn 0.9628 0.2322 -0.1379
vn 0.8663 0.4208 -0.2692
vn 0.7346 0.5549 -0.3904
vn 0.5846 0.6498 -0.4858
vn 0.4837 0.6881 -0.5409
vn 0.3228 0.7461 -0.5824
vn 0.9293 -0.2248 0.2929
vn 0.8024 -0.4100 0.4336
vn 0.9897 -0.0000 0.1430
vn 0.8911 0.4354 -0.1277
vn 0.7742 0.5857 -0.2398
vn 0.6286 0.6849 -0.3685
vn 0.4933 0.7776 -0.3899
vn 0.3452 0.8404 -0.4177
vn 0.1763 0.8419 -0.5100
vn 0.9723 0.2338 -0.0010
vn 0.9639 0.2280 0.1373
vn 0.8539 -0.2104 0.4760
vn 0.6857 -0.3872 0.6164
vn 0.9520 -0.0001 0.3060
vn 0.9302 0.2182 0.2950
vn 0.6633 0.7135 -0.2257
vn 0.7907 0.6008 -0.1176
vn 0.8990 0.4379 -0.0043
vn 0.8951 0.4289 0.1223
vn 0.8720 0.4097 0.2677
vn 0.5297 0.8134 -0.2406
vn 0.3693 0.8912 -0.2635
vn 0.1892 0.8888 -0.4174
vn 0.7262 -0.2010 0.6574
vn 0.5231 -0.4052 0.7498
vn 0.8710 -0.0000 0.4912
vn 0.8546 0.2053 0.4769
vn 0.8126 0.3810 0.4410
vn 0.6796 0.7247 -0.1139
vn 0.5483 0.8276 -0.1201
vn 0.3852 0.9117 -0.1428
vn 0.5714 0.8203 -0.0245
vn 0.7972 0.6036 -0.0082
vn 0.6870 0.7265 -0.0127
vn 0.7971 0.5950 0.1031
vn 0.6872 0.7210 0.0894
vn 0.7847 0.5740 0.2343
vn 0.6754 0.7057 0.2141
vn 0.5862 0.8058 0.0840
vn 0.4137 0.9090 -0.0501
vn 0.7439 0.5406 0.3929
vn 0.6405 0.6725 0.3708
vn 0.5764 0.7859 0.2239
vn 0.4996 0.8625 0.0804
vn 0.7405 -0.0000 0.6721
vn 0.7274 0.1959 0.6576
vn 0.5720 -0.0000 0.8203
vn 0.6957 0.3606 0.6213
vn 0.5600 0.2015 0.8036
vn 0.6426 0.5232 0.5597
vn 0.5309 0.3728 0.7611
vn 0.5944 0.6344 0.4941
vn 0.4911 0.5368 0.6861
vn 0.5360 0.7484 0.3907
vn 0.4975 0.6618 0.5609
vn 0.5075 0.8249 0.2490
vn 0.4418 0.7850 0.4343
vn 0.1949 0.9754 -0.1027
vn 0.3792 0.9237 -0.0538
vn 0.5272 0.8475 0.0620
vn 0.6036 0.7580 0.2472
vn 0.5063 0.7340 0.4527
vn 0.3486 0.7164 0.6044
vn 0.3453 0.6968 0.6287
vn 0.3328 0.5553 0.7622
vn 0.1728 0.6763 0.7160
vn 0.1989 0.6741 0.7114
vn 0.3512 0.4000 0.8465
vn 0.3755 0.2146 0.9016
vn 0.3860 -0.0000 0.9225
vn 0.2104 0.9659 -0.1506
vn 0.1703 0.5635 0.8084
vn 0.1788 0.4196 0.8899
vn 0.1909 0.2256 0.9553
vn 0.1969 -0.0000 0.9804
vn -0.0000 0.6723 0.7403
vn -0.0000 0.5678 0.8232
vn -0.0000 0.4267 0.9044
vn -0.0000 0.2304 0.9731
vn -0.0000 -0.0001 1.0000
vn -0.0000 0.6516 0.7586
vn 0.5598 -0.2077 0.8022
vn 0.3747 -0.2222 0.9001
vn 0.3393 -0.4442 0.8292
vn 0.1905 -0.2349 0.9532
vn 0.1758 -0.4700 0.8650
vn -0.0000 -0.2403 0.9707
vn -0.0000 -0.4777 0.8785
vn -0.0000 0.9931 -0.1176
vn -0.0000 0.9796 -0.2011
vn -0.2104 0.9659 -0.1506
vn -0.0000 0.9875 -0.1575
vn -0.1949 0.9754 -0.1027
vn -0.3792 0.9237 -0.0538
vn -0.1918 0.9690 -0.1555
vn -0.4137 0.9090 -0.0501
vn -0.3852 0.9117 -0.1428
vn -0.1952 0.9436 -0.2673
vn -0.3693 0.8912 -0.2635
vn -0.0000 0.9652 -0.2617
vn -0.1892 0.8888 -0.4174
vn -0.0000 0.9119 -0.4104
vn 0.1952 0.9436 -0.2673
vn 0.1918 0.9690 -0.1555
vn -0.0000 0.8734 -0.4870
vn -0.3452 0.8404 -0.4177
vn -0.1763 0.8419 -0.5100
vn -0.0000 0.8512 -0.5249
vn -0.5297 0.8134 -0.2406
vn -0.4933 0.7776 -0.3899
vn -0.5714 0.8203 -0.0245
vn -0.5483 0.8276 -0.1201
vn -0.3228 0.7461 -0.5824
vn -0.4837 0.6881 -0.5409
vn -0.4996 0.8625 0.0804
vn -0.5272 0.8475 0.0620
vn -0.5862 0.8058 0.0840
vn -0.6633 0.7135 -0.2257
vn -0.6796 0.7247 -0.1139
vn -0.6286 0.6849 -0.3685
vn -0.5846 0.6498 -0.4858
vn -0.1710 0.8115 -0.5588
vn -0.2438 0.7159 -0.6543
vn -0.3717 0.5743 -0.7294
vn -0.5014 0.5462 -0.6710
vn -0.5075 0.8249 0.2490
vn -0.6036 0.7580 0.2472
vn -0.5063 0.7340 0.4527
vn -0.5764 0.7859 0.2239
vn -0.6870 0.7265 -0.0127
vn -0.6872 0.7210 0.0894
vn -0.6754 0.7057 0.2141
vn -0.7971 0.5950 0.1031
vn -0.7972 0.6036 -0.0082
vn -0.7907 0.6008 -0.1176
vn -0.8990 0.4379 -0.0043
vn -0.7742 0.5857 -0.2398
vn -0.8911 0.4354 -0.1277
vn -0.7346 0.5549 -0.3904
vn -0.8663 0.4208 -0.2692
vn -0.6356 0.5381 -0.5536
vn -0.8077 0.3936 -0.4390
vn -0.5361 0.3814 -0.7531
vn -0.6917 0.3726 -0.6186
vn -0.4418 0.7850 0.4343
vn -0.3486 0.7164 0.6044
vn -0.5360 0.7484 0.3907
vn -0.6405 0.6725 0.3708
vn -0.7847 0.5740 0.2343
vn -0.8951 0.4289 0.1223
vn -0.9723 0.2338 -0.0010
vn -0.9629 0.2321 -0.1379
vn -0.9287 0.2252 -0.2946
vn -0.8533 0.2130 -0.4760
vn -0.7259 0.2039 -0.6569
vn -0.3453 0.6968 0.6287
vn -0.4975 0.6618 0.5609
vn -0.5944 0.6344 0.4941
vn -0.7439 0.5406 0.3929
vn -0.8720 0.4097 0.2677
vn -0.9639 0.2280 0.1373
vn -1.0000 0.0001 -0.0004
vn -0.9897 -0.0000 -0.1429
vn -0.9521 -0.0000 -0.3057
vn -0.8711 -0.0000 -0.4911
vn -0.1728 0.6763 0.7160
vn -0.1989 0.6741 0.7114
vn -0.3328 0.5553 0.7622
vn -0.4911 0.5367 0.6861
vn -0.6426 0.5232 0.5597
vn -0.8126 0.3810 0.4410
vn -0.9302 0.2182 0.2950
vn -0.9897 -0.0000 0.1430
vn -0.9610 -0.2398 -0.1382
vn -0.9272 -0.2317 -0.2941
vn -0.8523 -0.2181 -0.4754
vn -0.3512 0.4000 0.8465
vn -0.5309 0.3728 0.7611
vn -0.6957 0.3606 0.6213
vn -0.8546 0.2053 0.4769
vn -0.9520 -0.0001 0.3060
vn -0.9704 -0.2416 -0.0028
vn -0.9625 -0.2355 0.1345
vn -0.9293 -0.2248 0.2929
vn -0.7405 -0.0000 -0.6721
vn -0.7250 -0.2086 -0.6564
vn -0.5733 0.0003 -0.8193
vn -0.8498 -0.4568 -0.2631
vn -0.8705 -0.4759 -0.1257
vn -0.8767 -0.4810 -0.0067
vn -0.8753 -0.4704 0.1124
vn -0.8572 -0.4456 0.2583
vn -0.8024 -0.4100 0.4336
vn -0.8539 -0.2104 0.4760
vn -0.6857 -0.3872 0.6164
vn -0.8710 -0.0001 0.4912
vn -0.7262 -0.2010 0.6574
vn -0.5231 -0.4052 0.7498
vn -0.7274 0.1959 0.6576
vn -0.7405 -0.0000 0.6721
vn -0.5720 -0.0000 0.8203
vn -0.5600 0.2015 0.8036
vn -0.5598 -0.2077 0.8022
vn -0.3860 -0.0000 0.9225
vn -0.3747 -0.2222 0.9001
vn -0.3393 -0.4442 0.8292
vn -0.3755 0.2146 0.9016
vn -0.1969 -0.0000 0.9804
vn -0.1905 -0.2349 0.9532
vn -0.1758 -0.4700 0.8650
vn -0.1910 0.2256 0.9553
vn -0.1788 0.4196 0.8899
vn -0.1703 0.5635 0.8084
vn 0.1710 0.8115 -0.5588
vn -0.2844 0.5902 -0.7555
vn -0.2633 0.4589 -0.8486
vn -0.3608 0.3854 -0.8493
vn -0.1857 0.3416 -0.9213
vn -0.1915 0.2924 -0.9369
vn -0.3867 0.2008 -0.9001
vn -0.2041 0.1770 -0.9628
vn -0.3938 -0.0060 -0.9192
vn -0.2059 -0.0286 -0.9781
vn -0.5592 0.2108 -0.8018
vn -0.1912 -0.2575 -0.9472
vn -0.3757 -0.2354 -0.8964
vn -0.5592 -0.2161 -0.8003
vn -0.5197 -0.4183 -0.7449
vn -0.3366 -0.4578 -0.8229
vn -0.1735 -0.4844 -0.8575
vn -0.6815 -0.4001 -0.6128
vn -0.7964 -0.4230 -0.4322
vn -0.0000 -0.7077 -0.7065
vn 0.1486 -0.6976 -0.7009
vn -0.0000 -0.8590 -0.5121
vn 0.2826 -0.6726 -0.6839
vn 0.1246 -0.8520 -0.5085
vn -0.0000 -0.9428 -0.3333
vn 0.4443 -0.6257 -0.6411
vn 0.2405 -0.8326 -0.4990
vn 0.1159 -0.9374 -0.3285
vn -0.0000 -0.9813 -0.1922
vn 0.6013 -0.6002 -0.5274
vn 0.3800 -0.7955 -0.4719
vn 0.2276 -0.9211 -0.3158
vn 0.1162 -0.9751 -0.1889
vn -0.0000 -0.9956 -0.0941
vn 0.6904 -0.6270 -0.3609
vn 0.5091 -0.7513 -0.4199
vn 0.3649 -0.8813 -0.3003
vn 0.5354 -0.7857 -0.3099
vn 0.2342 -0.9552 -0.1811
vn 0.3750 -0.9105 -0.1741
vn 0.5469 -0.8167 -0.1845
vn 0.7119 -0.6672 -0.2193
vn 0.1176 -0.9887 -0.0930
vn 0.2399 -0.9666 -0.0908
vn 0.3814 -0.9200 -0.0900
vn 0.5473 -0.8314 -0.0964
vn 0.7193 -0.6859 -0.1099
vn 0.7244 -0.6893 -0.0120
vn -0.0000 -0.9996 -0.0276
vn 0.1188 -0.9925 -0.0274
vn 0.2425 -0.9698 -0.0265
vn 0.3847 -0.9227 -0.0240
vn 0.5497 -0.8352 -0.0189
vn 0.7277 -0.6807 0.0844
vn 0.5562 -0.8288 0.0607
vn 0.7243 -0.6575 0.2075
vn 0.3869 -0.9209 0.0468
vn 0.5607 -0.8114 0.1651
vn 0.7016 -0.6136 0.3622
vn 0.2422 -0.9692 0.0440
vn 0.3844 -0.9108 0.1507
vn 0.5489 -0.7762 0.3102
vn 0.1182 -0.9920 0.0449
vn 0.2392 -0.9582 0.1567
vn 0.3754 -0.8765 0.3013
vn 0.5205 -0.7381 0.4294
vn 0.6095 -0.5855 0.5346
vn 0.3893 -0.7841 0.4834
vn 0.2344 -0.9186 0.3183
vn 0.1182 -0.9793 0.1645
vn -0.0000 -0.9989 0.0459
vn -0.0000 -0.9858 0.1680
vn 0.1194 -0.9358 0.3316
vn -0.0000 -0.9416 0.3367
vn 0.2469 -0.8225 0.5123
vn 0.1281 -0.8428 0.5228
vn -0.0000 -0.8501 0.5267
vn 0.4508 -0.6112 0.6506
vn 0.2874 -0.6585 0.6955
vn 0.1521 -0.6844 0.7130
vn -0.0000 -0.6953 0.7187
vn -0.1486 -0.6976 -0.7009
vn -0.1246 -0.8520 -0.5085
vn -0.2825 -0.6726 -0.6839
vn -0.1159 -0.9374 -0.3285
vn -0.2405 -0.8326 -0.4990
vn -0.4443 -0.6257 -0.6411
vn -0.1162 -0.9751 -0.1889
vn -0.2276 -0.9211 -0.3158
vn -0.3800 -0.7955 -0.4719
vn -0.6013 -0.6002 -0.5274
vn -0.1176 -0.9887 -0.0930
vn -0.2342 -0.9552 -0.1811
vn -0.3649 -0.8813 -0.3003
vn -0.5091 -0.7513 -0.4199
vn -0.6904 -0.6270 -0.3609
vn -0.5354 -0.7857 -0.3099
vn -0.3750 -0.9105 -0.1741
vn -0.5468 -0.8167 -0.1845
vn -0.2399 -0.9666 -0.0908
vn -0.3814 -0.9200 -0.0900
vn -0.1188 -0.9925 -0.0274
vn -0.2425 -0.9698 -0.0265
vn -0.7119 -0.6672 -0.2193
vn -0.5472 -0.8314 -0.0964
vn -0.7193 -0.6859 -0.1099
vn -0.7244 -0.6893 -0.0120
vn -0.3847 -0.9227 -0.0240
vn -0.5497 -0.8352 -0.0189
vn -0.7277 -0.6807 0.0844
vn -0.5562 -0.8288 0.0607
vn -0.7243 -0.6575 0.2075
vn -0.3869 -0.9209 0.0468
vn -0.5607 -0.8114 0.1651
vn -0.7016 -0.6137 0.3622
vn -0.2422 -0.9692 0.0440
vn -0.3844 -0.9108 0.1507
vn -0.5489 -0.7762 0.3102
vn -0.1182 -0.9920 0.0449
vn -0.2392 -0.9582 0.1567
vn -0.3754 -0.8765 0.3013
vn -0.5205 -0.7381 0.4294
vn -0.6095 -0.5855 0.5346
vn -0.3893 -0.7841 0.4834
vn -0.2344 -0.9186 0.3183
vn -0.1182 -0.9793 0.1645
vn -0.1194 -0.9358 0.3316
vn -0.2469 -0.8225 0.5123
vn -0.1281 -0.8428 0.5228
vn -0.4508 -0.6112 0.6506
vn -0.2874 -0.6585 0.6955
vn -0.1521 -0.6844 0.7130
vn 0.5358 0.8128 -0.2287
vn 0.7497 0.6611 -0.0310
vn 0.2767 0.8696 -0.4088
vn -0.0000 0.8744 -0.4853
vn 0.6849 0.5388 -0.4906
vn 0.3430 0.6125 -0.7122
vn -0.0000 0.6173 -0.7868
vn 0.8316 0.5238 0.1844
vn 0.9049 0.3727 -0.2056
vn 0.7223 0.2432 -0.6474
vn 0.3760 0.3105 -0.8730
vn -0.0000 0.3198 -0.9475
vn -0.0000 0.0638 -0.9980
vn 0.3903 0.0519 -0.9192
vn -0.0000 -0.2331 -0.9724
vn 0.9690 0.2332 0.0819
vn 0.9375 0.1149 -0.3286
vn 0.7253 -0.0079 -0.6884
vn 0.3701 -0.2526 -0.8940
vn -0.0000 -0.3854 -0.9228
vn 0.3891 -0.4397 -0.8095
vn 0.6701 -0.3457 -0.6569
vn 0.6233 -0.5921 -0.5108
vn 0.9287 -0.0979 -0.3577
vn 0.8319 -0.4510 -0.3232
vn 0.6847 -0.6967 -0.2141
vn 1.0000 -0.0058 0.0037
vn 0.9804 -0.1949 -0.0299
vn 0.9325 -0.1041 0.3458
vn 0.9017 0.1616 0.4011
vn 0.7498 0.4927 0.4417
vn 0.8377 -0.5442 -0.0448
vn 0.9058 -0.3153 0.2831
vn 0.7110 -0.1902 0.6770
vn 0.6803 0.1113 0.7244
vn 0.5311 0.4882 0.6925
vn 0.2713 0.4278 0.8622
vn 0.3454 0.0441 0.9374
vn -0.0000 0.3871 0.9220
vn 0.6327 -0.7744 -0.0020
vn 0.7233 -0.6658 0.1832
vn 0.5006 -0.8499 0.1648
vn 0.6784 -0.4388 0.5893
vn 0.5029 -0.7696 0.3934
vn 0.3417 -0.8924 0.2946
vn 0.3655 -0.2511 0.8963
vn 0.3380 -0.4952 0.8004
vn 0.2463 -0.7949 0.5545
vn 0.1770 -0.9085 0.3785
vn -0.0000 -0.9129 0.4081
vn -0.0000 -0.7926 0.6097
vn -0.0000 0.0114 0.9999
vn -0.0000 -0.2720 0.9623
vn -0.0000 -0.5016 0.8651
vn -0.3380 -0.4952 0.8004
vn -0.3655 -0.2511 0.8963
vn -0.3454 0.0441 0.9374
vn -0.2713 0.4278 0.8622
vn -0.2463 -0.7949 0.5545
vn -0.1770 -0.9085 0.3785
vn -0.3417 -0.8925 0.2946
vn -0.5029 -0.7696 0.3934
vn -0.5006 -0.8499 0.1648
vn -0.6784 -0.4388 0.5893
vn -0.7233 -0.6658 0.1832
vn -0.6327 -0.7744 -0.0020
vn -0.7110 -0.1902 0.6770
vn -0.9058 -0.3153 0.2831
vn -0.8377 -0.5442 -0.0448
vn -0.6847 -0.6967 -0.2141
vn -0.6803 0.1113 0.7244
vn -0.5311 0.4882 0.6925
vn -0.7498 0.4927 0.4417
vn -0.9017 0.1616 0.4011
vn -0.8316 0.5238 0.1844
vn -0.9325 -0.1041 0.3458
vn -0.9690 0.2332 0.0819
vn -0.9804 -0.1949 -0.0299
vn -1.0000 -0.0058 0.0037
vn -0.8319 -0.4510 -0.3232
vn -0.9287 -0.0979 -0.3577
vn -0.9375 0.1149 -0.3286
vn -0.9049 0.3727 -0.2056
vn -0.7497 0.6611 -0.0310
vn -0.6233 -0.5921 -0.5108
vn -0.6701 -0.3457 -0.6569
vn -0.3891 -0.4397 -0.8095
vn -0.7253 -0.0079 -0.6884
vn -0.3701 -0.2526 -0.8940
vn -0.3903 0.0519 -0.9192
vn -0.7223 0.2432 -0.6474
vn -0.3760 0.3105 -0.8730
vn -0.3430 0.6125 -0.7122
vn -0.6849 0.5388 -0.4906
vn -0.2767 0.8696 -0.4088
vn -0.5358 0.8128 -0.2287
vn -0.0000 0.6912 0.7227
vn -0.2609 0.6399 0.7228
vn -0.0000 0.4099 0.9121
vn -0.0000 0.8487 0.5289
vn -0.1570 0.3788 0.9121
vn -0.0000 -0.0000 1.0000
vn -0.3248 0.7840 0.5290
vn -0.0000 0.9328 0.3603
vn -0.4848 0.4921 0.7230
vn -0.2903 0.2901 0.9119
vn -0.3569 0.8618 0.3603
vn -0.6000 0.5999 0.5292
vn -0.6424 0.2562 0.7223
vn -0.3834 0.1548 0.9105
vn -0.6596 0.6597 0.3603
vn -0.7786 0.3292 0.5342
vn -0.6870 -0.0000 0.7267
vn -0.4187 -0.0000 0.9081
vn -0.3834 -0.1548 0.9105
vn -0.0000 0.9767 0.2147
vn -0.3737 0.9023 0.2147
vn -0.8416 -0.0000 0.5401
vn -0.8619 0.3590 0.3580
vn -0.6906 0.6906 0.2147
vn -0.2903 -0.2901 0.9119
vn -0.6424 -0.2562 0.7223
vn -0.7786 -0.3292 0.5342
vn -0.0000 0.9950 0.1000
vn -0.3809 0.9192 0.0999
vn -0.9361 -0.0000 0.3519
vn -0.8619 -0.3590 0.3580
vn -0.9024 0.3735 0.2148
vn -0.7037 0.7035 0.0999
vn -0.1570 -0.3788 0.9121
vn -0.0000 -0.4099 0.9121
vn -0.4848 -0.4921 0.7230
vn -0.2610 -0.6399 0.7228
vn -0.0000 -0.6912 0.7227
vn -0.0000 -0.8487 0.5289
vn -0.3248 -0.7840 0.5290
vn -0.0000 -0.9328 0.3603
vn -0.6000 -0.5999 0.5292
vn -0.3569 -0.8618 0.3603
vn -0.6596 -0.6596 0.3603
vn -0.0000 -0.9767 0.2147
vn -0.3737 -0.9023 0.2147
vn -0.0000 -0.9950 0.1000
vn -0.6906 -0.6906 0.2147
vn -0.3809 -0.9192 0.0999
vn -0.9024 -0.3735 0.2147
vn -0.7037 -0.7035 0.0999
vn -0.9767 -0.0000 0.2146
vn -0.9197 -0.3798 0.0993
vn -0.9197 0.3798 0.0993
vn -0.9952 -0.0000 0.0980
vn -1.0000 -0.0000 -0.0072
vn -0.9244 0.3812 -0.0101
vn -0.9244 -0.3812 -0.0101
vn -0.7065 -0.7076 -0.0101
vn -0.3821 -0.9241 -0.0101
vn -0.0000 -0.9999 -0.0100
vn -0.0000 -0.9933 -0.1156
vn -0.3801 -0.9177 -0.1155
vn -0.0000 -0.9784 -0.2068
vn -0.7024 -0.7024 -0.1155
vn -0.3744 -0.9039 -0.2068
vn -0.0000 -0.9483 -0.3175
vn -0.9157 -0.3853 -0.1146
vn -0.6918 -0.6918 -0.2068
vn -0.3629 -0.8761 -0.3175
vn -0.0000 -0.8895 -0.4570
vn -0.9157 0.3853 -0.1146
vn -0.9936 -0.0000 -0.1129
vn -0.9778 -0.0000 -0.2096
vn -0.9038 -0.3747 -0.2068
vn -0.6705 -0.6705 -0.3175
vn -0.8761 -0.3627 -0.3177
vn -0.3404 -0.8218 -0.4570
vn -0.6290 -0.6289 -0.4570
vn -0.0000 -0.8093 -0.5874
vn -0.3097 -0.7477 -0.5874
vn -0.0000 -0.6890 -0.7247
vn -0.9481 -0.0000 -0.3180
vn -0.8219 -0.3400 -0.4570
vn -0.5723 -0.5723 -0.5874
vn -0.2637 -0.6366 -0.7247
vn -0.0000 -0.4454 -0.8953
vn -0.9038 0.3747 -0.2068
vn -0.8761 0.3627 -0.3177
vn -0.8895 -0.0000 -0.4570
vn -0.8219 0.3400 -0.4570
vn -0.7479 -0.3092 -0.5874
vn -0.4872 -0.4872 -0.7247
vn -0.1704 -0.4116 -0.8953
vn -0.0000 -0.0000 -1.0000
vn -0.3151 -0.3152 -0.8952
vn -0.6368 -0.2631 -0.7247
vn -0.4123 -0.1700 -0.8951
vn -0.8093 -0.0000 -0.5874
vn -0.6891 -0.0000 -0.7247
vn -0.4458 -0.0000 -0.8951
vn -0.4123 0.1700 -0.8951
vn -0.6368 0.2631 -0.7247
vn -0.3151 0.3152 -0.8952
vn -0.7479 0.3092 -0.5874
vn -0.4872 0.4872 -0.7247
vn -0.5723 0.5723 -0.5874
vn -0.6290 0.6289 -0.4570
vn -0.6705 0.6705 -0.3175
vn -0.6918 0.6918 -0.2068
vn -0.1704 0.4116 -0.8953
vn -0.2637 0.6366 -0.7247
vn -0.0000 0.4454 -0.8953
vn -0.0000 0.6890 -0.7247
vn -0.3097 0.7477 -0.5874
vn -0.0000 0.8093 -0.5874
vn -0.3404 0.8218 -0.4570
vn -0.0000 0.8895 -0.4570
vn -0.3629 0.8761 -0.3175
vn -0.7024 0.7023 -0.1155
vn -0.3744 0.9039 -0.2068
vn -0.0000 0.9483 -0.3175
vn -0.7065 0.7076 -0.0101
vn -0.3801 0.9177 -0.1155
vn -0.3821 0.9241 -0.0101
vn -0.0000 0.9784 -0.2068
vn -0.0000 0.9933 -0.1156
vn -0.0000 0.9999 -0.0100
vn 0.3821 0.9241 -0.0101
vn 0.3801 0.9177 -0.1155
vn 0.3744 0.9039 -0.2068
vn 0.3629 0.8761 -0.3175
vn 0.3809 0.9192 0.0999
vn 0.7065 0.7076 -0.0101
vn 0.7024 0.7024 -0.1155
vn 0.6918 0.6918 -0.2068
vn 0.7037 0.7035 0.0999
vn 0.9244 0.3812 -0.0101
vn 0.9156 0.3853 -0.1146
vn 0.3404 0.8218 -0.4570
vn 0.6705 0.6705 -0.3175
vn 0.9038 0.3747 -0.2068
vn 0.3737 0.9023 0.2147
vn 0.6906 0.6906 0.2147
vn 0.9197 0.3798 0.0993
vn 1.0000 -0.0000 -0.0072
vn 0.9025 0.3734 0.2147
vn 0.3097 0.7477 -0.5874
vn 0.6290 0.6290 -0.4570
vn 0.8761 0.3627 -0.3177
vn 0.9778 -0.0000 -0.2096
vn 0.9936 -0.0000 -0.1128
vn 0.9156 -0.3853 -0.1146
vn 0.3569 0.8618 0.3603
vn 0.6596 0.6596 0.3603
vn 0.8619 0.3590 0.3580
vn 0.9952 -0.0000 0.0980
vn 0.9767 -0.0000 0.2146
vn 0.9197 -0.3798 0.0993
vn 0.9244 -0.3812 -0.0101
vn 0.9361 -0.0000 0.3518
vn 0.9025 -0.3734 0.2147
vn 0.7037 -0.7035 0.0999
vn 0.2637 0.6366 -0.7247
vn 0.5723 0.5723 -0.5874
vn 0.8219 0.3400 -0.4570
vn 0.9481 -0.0000 -0.3180
vn 0.3248 0.7840 0.5290
vn 0.6000 0.5999 0.5292
vn 0.7786 0.3292 0.5342
vn 0.8416 -0.0000 0.5401
vn 0.8619 -0.3590 0.3580
vn 0.6906 -0.6906 0.2147
vn 0.7024 -0.7024 -0.1155
vn 0.7065 -0.7076 -0.0101
vn 0.3809 -0.9192 0.0999
vn 0.1704 0.4116 -0.8953
vn 0.4872 0.4872 -0.7247
vn 0.3151 0.3152 -0.8952
vn 0.7479 0.3092 -0.5874
vn 0.6368 0.2631 -0.7247
vn 0.4123 0.1700 -0.8950
vn 0.8895 -0.0000 -0.4570
vn 0.8093 -0.0000 -0.5874
vn 0.6891 -0.0000 -0.7247
vn 0.4458 -0.0000 -0.8951
vn 0.4123 -0.1700 -0.8950
vn 0.6368 -0.2631 -0.7247
vn 0.3151 -0.3152 -0.8952
vn 0.7479 -0.3092 -0.5874
vn 0.4872 -0.4872 -0.7247
vn 0.1704 -0.4116 -0.8953
vn 0.2637 -0.6366 -0.7247
vn 0.5723 -0.5723 -0.5874
vn 0.3097 -0.7477 -0.5874
vn 0.8219 -0.3400 -0.4570
vn 0.6290 -0.6290 -0.4570
vn 0.8761 -0.3627 -0.3177
vn 0.3404 -0.8218 -0.4570
vn 0.6705 -0.6705 -0.3175
vn 0.9038 -0.3747 -0.2068
vn 0.6918 -0.6918 -0.2068
vn 0.3629 -0.8761 -0.3175
vn 0.3744 -0.9039 -0.2068
vn 0.3801 -0.9177 -0.1155
vn 0.3821 -0.9241 -0.0101
vn 0.3737 -0.9023 0.2147
vn 0.6596 -0.6596 0.3603
vn 0.3569 -0.8618 0.3603
vn 0.7786 -0.3292 0.5342
vn 0.6000 -0.5999 0.5292
vn 0.3248 -0.7840 0.5290
vn 0.6870 -0.0000 0.7267
vn 0.6424 -0.2562 0.7223
vn 0.4848 -0.4921 0.7230
vn 0.2610 -0.6399 0.7228
vn 0.1570 -0.3788 0.9121
vn 0.2903 -0.2901 0.9119
vn 0.3834 -0.1548 0.9105
vn 0.4187 -0.0000 0.9081
vn 0.3834 0.1548 0.9105
vn 0.6424 0.2562 0.7223
vn 0.2903 0.2901 0.9119
vn 0.4848 0.4921 0.7230
vn 0.1570 0.3788 0.9121
vn 0.2610 0.6399 0.7228
vn 0.2609 0.6399 0.7228
vn 0.6596 0.6597 0.3603
vn 0.9361 -0.0000 0.3519
vn 0.9024 0.3735 0.2148
vn 0.9024 -0.3735 0.2147
vn 0.9157 -0.3853 -0.1146
vn 0.9157 0.3853 -0.1146
vn 0.9936 -0.0000 -0.1129
vn 0.6290 -0.6289 -0.4570
vn 0.4123 -0.1700 -0.8951
vn 0.4123 0.1700 -0.8951
vn 0.6290 0.6289 -0.4570
vn 0.7024 0.7023 -0.1155
vn -0.7024 0.7024 -0.1155
vn -0.9156 0.3853 -0.1146
vn -0.9025 0.3734 0.2147
vn -0.6290 0.6290 -0.4570
vn -0.9936 -0.0000 -0.1128
vn -0.9156 -0.3853 -0.1146
vn -0.6596 0.6596 0.3603
vn -0.9361 -0.0000 0.3518
vn -0.9025 -0.3734 0.2147
vn -0.4123 0.1700 -0.8950
vn -0.4123 -0.1700 -0.8950
vn -0.6290 -0.6290 -0.4570
vn -0.2610 0.6399 0.7228
vn 0.2906 -0.9555 -0.0503
vn 0.3527 -0.9357 -0.0045
vn 0.2624 -0.9622 0.0732
vn 0.3366 -0.9329 0.1279
vn 0.4824 -0.8760 0.0021
vn 0.2215 -0.9586 0.1787
vn 0.4704 -0.8711 0.1408
vn 0.2846 -0.9187 0.2738
vn 0.1408 -0.9385 0.3153
vn 0.6236 -0.7817 -0.0000
vn 0.6187 -0.7731 0.1401
vn -0.0000 -0.9446 0.3281
vn 0.1447 -0.9597 0.2408
vn 0.6048 -0.7493 0.2698
vn 0.4504 -0.8512 0.2693
vn -0.0000 -0.9657 0.2598
vn 0.1411 -0.8769 0.4595
vn 0.4208 -0.8068 0.4148
vn 0.2730 -0.8543 0.4423
vn -0.1447 -0.9597 0.2408
vn 0.5741 -0.7077 0.4117
vn 0.4189 -0.7093 0.5670
vn 0.2750 -0.7524 0.5986
vn -0.1408 -0.9385 0.3153
vn 0.5334 -0.6630 0.5253
vn 0.1430 -0.7771 0.6130
vn -0.0000 -0.8840 0.4676
vn -0.2846 -0.9187 0.2738
vn -0.2215 -0.9586 0.1787
vn 0.3094 -0.5910 0.7450
vn -0.1411 -0.8769 0.4595
vn -0.3365 -0.9329 0.1279
vn 0.1587 -0.6138 0.7733
vn -0.0000 -0.7861 0.6181
vn -0.1430 -0.7771 0.6130
vn -0.2750 -0.7524 0.5986
vn -0.2730 -0.8543 0.4423
vn -0.3527 -0.9357 -0.0045
vn -0.2624 -0.9622 0.0732
vn 0.4247 -0.3898 0.8172
vn 0.3246 -0.4877 0.8104
vn 0.1632 -0.5011 0.8498
vn -0.0000 -0.6370 0.7709
vn -0.1587 -0.6138 0.7733
vn -0.4208 -0.8068 0.4148
vn -0.3094 -0.5910 0.7450
vn -0.2906 -0.9555 -0.0503
vn -0.4704 -0.8711 0.1408
vn -0.4824 -0.8760 0.0021
vn -0.0000 -0.5399 0.8418
vn -0.4504 -0.8512 0.2693
vn -0.4188 -0.7093 0.5670
vn -0.3246 -0.4877 0.8104
vn -0.6187 -0.7731 0.1401
vn 0.4638 -0.1903 0.8653
vn -0.1631 -0.5011 0.8498
vn -0.5741 -0.7077 0.4117
vn -0.6048 -0.7493 0.2698
vn -0.5334 -0.6630 0.5253
vn -0.4247 -0.3898 0.8172
vn -0.6236 -0.7817 -0.0000
vn 0.4506 -0.0237 0.8924
vn -0.4638 -0.1903 0.8653
vn -0.4506 -0.0237 0.8924
vn 0.3776 0.1963 0.9049
vn 0.3960 0.0853 0.9143
vn -0.3960 0.0853 0.9143
vn -0.3776 0.1963 0.9049
vn 0.1888 0.2144 0.9583
vn 0.1873 0.1043 0.9767
vn -0.1873 0.1043 0.9767
vn -0.1888 0.2144 0.9583
vn 0.3482 0.3920 0.8515
vn -0.0000 0.1152 0.9933
vn 0.3187 0.5610 0.7640
vn 0.1771 0.4124 0.8936
vn -0.0000 0.2208 0.9753
vn -0.3482 0.3920 0.8515
vn 0.1643 0.5843 0.7947
vn -0.0000 0.4199 0.9076
vn -0.1771 0.4124 0.8936
vn 0.4711 0.7552 0.4558
vn 0.3034 0.7035 0.6427
vn -0.3187 0.5610 0.7640
vn -0.0000 0.5925 0.8056
vn 0.3167 0.8105 0.4927
vn -0.1643 0.5843 0.7947
vn 0.1577 0.7276 0.6676
vn 0.5068 0.8065 0.3044
vn 0.3421 0.8796 0.3306
vn -0.4711 0.7552 0.4558
vn -0.1577 0.7276 0.6676
vn -0.3034 0.7035 0.6427
vn 0.1622 0.8406 0.5168
vn 0.5305 0.8332 0.1560
vn 0.3611 0.9175 0.1670
vn -0.3167 0.8105 0.4927
vn -0.0000 0.7364 0.6766
vn 0.1720 0.9210 0.3494
vn 0.5389 0.8424 -0.0000
vn 0.3682 0.9297 -0.0000
vn -0.5068 0.8065 0.3044
vn -0.1623 0.8406 0.5168
vn -0.0000 0.8511 0.5250
vn 0.1805 0.9677 0.1760
vn 0.6740 0.7231 -0.1509
vn 0.1842 0.9829 -0.0000
vn -0.5305 0.8332 0.1560
vn -0.3421 0.8796 0.3306
vn -0.0000 0.9344 0.3562
vn -0.1720 0.9210 0.3494
vn 0.5305 0.8332 -0.1560
vn 0.3610 0.9175 -0.1669
vn -0.0000 0.9837 0.1797
vn -0.5389 0.8424 -0.0000
vn -0.3611 0.9175 0.1670
vn 0.6511 0.7009 -0.2913
vn 0.1804 0.9677 -0.1758
vn -0.0000 1.0000 -0.0000
vn -0.1805 0.9677 0.1760
vn -0.6740 0.7231 -0.1509
vn -0.3682 0.9297 -0.0000
vn 0.6090 0.6598 -0.4401
vn 0.5068 0.8065 -0.3044
vn 0.3421 0.8797 -0.3304
vn -0.0000 0.9838 -0.1795
vn -0.1842 0.9829 -0.0000
vn -0.5305 0.8332 -0.1560
vn 0.5632 0.6171 -0.5495
vn 0.4711 0.7552 -0.4558
vn 0.1720 0.9211 -0.3492
vn -0.1805 0.9677 -0.1758
vn -0.6511 0.7009 -0.2913
vn -0.3610 0.9175 -0.1669
vn 0.4550 0.6603 -0.5975
vn 0.3167 0.8105 -0.4927
vn -0.0000 0.9345 -0.3560
vn -0.5068 0.8065 -0.3044
vn -0.6090 0.6598 -0.4401
vn -0.3421 0.8796 -0.3304
vn 0.3034 0.7035 -0.6427
vn -0.1720 0.9211 -0.3492
vn 0.1622 0.8406 -0.5167
vn -0.4711 0.7552 -0.4558
vn -0.5632 0.6171 -0.5495
vn -0.1623 0.8406 -0.5167
vn 0.1577 0.7276 -0.6676
vn -0.4550 0.6603 -0.5975
vn -0.3167 0.8105 -0.4927
vn -0.3034 0.7035 -0.6427
vn -0.0000 0.7364 -0.6766
vn -0.1577 0.7276 -0.6676
vn -0.0000 -0.8731 -0.4875
vn -0.0000 -0.8835 -0.4685
vn 0.1511 -0.8811 -0.4481
vn 0.1564 -0.8844 -0.4398
vn 0.1476 -0.8560 -0.4955
vn 0.2408 -0.9100 -0.3375
vn -0.0000 -0.8587 -0.5124
vn 0.3089 -0.8955 -0.3205
vn 0.1519 -0.7626 -0.6288
vn 0.2783 -0.8438 -0.4589
vn 0.3037 -0.9353 -0.1815
vn -0.0000 -0.7647 -0.6443
vn 0.2833 -0.7473 -0.6010
vn 0.3639 -0.9197 -0.1477
vn 0.1591 -0.6190 -0.7691
vn 0.4254 -0.8030 -0.4173
vn 0.3070 -0.5988 -0.7397
vn 0.4571 -0.5596 -0.6913
vn -0.0000 -0.6244 -0.7811
vn 0.4212 -0.7085 -0.5663
vn 0.4590 -0.8464 -0.2702
vn 0.3444 -0.4098 -0.8446
vn 0.4800 -0.8665 -0.1370
vn -0.0000 -0.4418 -0.8971
vn 0.5334 -0.6630 -0.5253
vn 0.1749 -0.4332 -0.8842
vn 0.6187 -0.7730 -0.1401
vn 0.5741 -0.7077 -0.4117
vn 0.6048 -0.7493 -0.2697
vn 0.6008 -0.5371 -0.5921
vn 0.5128 -0.3775 -0.7711
vn -0.0000 -0.2249 -0.9744
vn 0.7669 -0.6232 -0.1536
vn 0.6986 -0.5580 -0.4479
vn 0.1889 -0.2200 -0.9570
vn 0.3719 -0.2086 -0.9045
vn 0.7434 -0.5987 -0.2982
vn 0.6647 -0.3594 -0.6551
vn 0.1945 -0.0000 -0.9809
vn 0.3819 -0.0000 -0.9242
vn -0.0000 0.0001 -1.0000
vn 0.8872 -0.4287 -0.1704
vn 0.7785 -0.3756 -0.5028
vn 0.8496 -0.4063 -0.3363
vn 0.5463 -0.1949 -0.8146
vn 0.1891 0.2164 -0.9578
vn 0.9587 -0.2173 -0.1837
vn 0.8220 -0.1939 -0.5354
vn 0.9087 -0.2065 -0.3627
vn 0.5467 0.1927 -0.8149
vn 0.5581 -0.0000 -0.8298
vn 0.6996 -0.1875 -0.6895
vn -0.0000 0.2211 -0.9753
vn 0.3723 0.2056 -0.9051
vn 0.9820 -0.0000 -0.1889
vn 0.6998 0.1857 -0.6897
vn 0.7122 -0.0000 -0.7020
vn 0.8372 -0.0000 -0.5469
vn 0.9281 -0.0000 -0.3723
vn -0.0000 0.4202 -0.9074
vn 0.1771 0.4127 -0.8935
vn 0.5167 0.3640 -0.7749
vn 0.9594 0.2141 -0.1837
vn 0.6678 0.3484 -0.6578
vn 0.8224 0.1918 -0.5357
vn 0.1643 0.5844 -0.7946
vn 0.3482 0.3922 -0.8514
vn 0.8950 0.4115 -0.1718
vn 0.9092 0.2039 -0.3629
vn 0.6147 0.5078 -0.6035
vn -0.0000 0.5925 -0.8055
vn 0.3187 0.5610 -0.7640
vn 0.7824 0.3635 -0.5056
vn 0.8555 0.3913 -0.3390
vn 0.4746 0.5247 -0.7067
vn 0.7959 0.5844 -0.1583
vn 0.7148 0.5249 -0.4621
vn 0.7681 0.5612 -0.3083
vn -0.1511 -0.8811 -0.4481
vn -0.1564 -0.8844 -0.4398
vn -0.2408 -0.9100 -0.3375
vn -0.1476 -0.8560 -0.4955
vn -0.3037 -0.9353 -0.1815
vn -0.3089 -0.8955 -0.3205
vn -0.3639 -0.9197 -0.1477
vn -0.2783 -0.8438 -0.4589
vn -0.1519 -0.7626 -0.6288
vn -0.4589 -0.8464 -0.2702
vn -0.4254 -0.8030 -0.4173
vn -0.2833 -0.7473 -0.6010
vn -0.5334 -0.6630 -0.5253
vn -0.4212 -0.7085 -0.5663
vn -0.6048 -0.7493 -0.2697
vn -0.5741 -0.7077 -0.4117
vn -0.1590 -0.6190 -0.7691
vn -0.4800 -0.8665 -0.1370
vn -0.4571 -0.5596 -0.6913
vn -0.6986 -0.5580 -0.4479
vn -0.3070 -0.5988 -0.7397
vn -0.6187 -0.7730 -0.1401
vn -0.8496 -0.4063 -0.3363
vn -0.7785 -0.3756 -0.5028
vn -0.6008 -0.5371 -0.5921
vn -0.3444 -0.4098 -0.8446
vn -0.7434 -0.5987 -0.2982
vn -0.1749 -0.4332 -0.8842
vn -0.5128 -0.3775 -0.7711
vn -0.7669 -0.6232 -0.1536
vn -0.9087 -0.2065 -0.3627
vn -0.3719 -0.2086 -0.9045
vn -0.1889 -0.2200 -0.9570
vn -0.6647 -0.3594 -0.6551
vn -0.8872 -0.4287 -0.1704
vn -0.9281 -0.0000 -0.3723
vn -0.8220 -0.1939 -0.5354
vn -0.1945 -0.0000 -0.9809
vn -0.5463 -0.1949 -0.8146
vn -0.9587 -0.2173 -0.1837
vn -0.8372 -0.0000 -0.5469
vn -0.1891 0.2164 -0.9578
vn -0.6996 -0.1875 -0.6895
vn -0.3819 -0.0000 -0.9242
vn -0.9820 -0.0000 -0.1889
vn -0.7122 -0.0000 -0.7020
vn -0.3723 0.2056 -0.9051
vn -0.5581 -0.0000 -0.8298
vn -0.9092 0.2039 -0.3629
vn -0.9594 0.2141 -0.1837
vn -0.1771 0.4127 -0.8935
vn -0.8224 0.1918 -0.5357
vn -0.5467 0.1927 -0.8149
vn -0.6998 0.1857 -0.6897
vn -0.8951 0.4115 -0.1718
vn -0.3482 0.3922 -0.8514
vn -0.8555 0.3913 -0.3390
vn -0.6678 0.3484 -0.6578
vn -0.7959 0.5844 -0.1583
vn -0.1643 0.5844 -0.7946
vn -0.5167 0.3640 -0.7749
vn -0.7824 0.3635 -0.5056
vn -0.7681 0.5612 -0.3083
vn -0.3187 0.5610 -0.7640
vn -0.4746 0.5247 -0.7067
vn -0.6147 0.5078 -0.6035
vn -0.7148 0.5249 -0.4621
vn 0.2724 0.5135 0.8137
vn 0.3655 -0.0000 0.9308
vn -0.0000 0.5719 0.8203
vn 0.6415 0.3883 0.6615
vn -0.0000 0.8370 0.5472
vn 0.4357 0.7007 0.5650
vn 0.1264 0.8278 0.5466
vn 0.7169 -0.0000 0.6971
vn -0.0000 0.9360 0.3521
vn 0.5059 0.7652 0.3981
vn 0.1710 0.9197 0.3534
vn 0.8012 0.3993 0.4457
vn 0.8868 -0.0000 0.4621
vn -0.0000 0.9731 0.2303
vn 0.1986 0.9513 0.2358
vn 0.8385 0.4464 0.3124
vn 0.9397 -0.0000 0.3419
vn 0.5480 0.7922 0.2686
vn -0.0000 0.9879 0.1550
vn 0.8320 0.5036 0.2328
vn 0.9652 -0.0003 0.2615
vn 0.2308 0.9602 0.1572
vn 0.5552 0.8111 0.1840
vn 0.8280 0.5313 0.1792
vn 0.9792 -0.0044 0.2029
vn 0.2413 0.9652 0.1006
vn 0.5362 0.8337 0.1320
vn -0.0000 0.9955 0.0943
vn 0.8204 0.5542 0.1406
vn 0.9872 -0.0148 0.1587
vn 0.2284 0.9711 0.0688
vn 0.5055 0.8570 0.0998
vn -0.0000 0.9982 0.0598
vn 0.8277 0.5526 0.0981
vn 0.9937 -0.0303 0.1082
vn 0.2243 0.9732 0.0508
vn 0.4966 0.8646 0.0762
vn -0.0000 0.9991 0.0424
vn 0.8663 0.4932 0.0786
vn 0.9929 -0.0836 0.0846
vn 0.2377 0.9701 0.0496
vn 0.5387 0.8398 0.0671
vn -0.0000 0.9992 0.0410
vn 0.7976 -0.5961 0.0919
vn 0.7931 -0.6049 0.0712
vn 0.4771 -0.8769 0.0592
vn 0.8135 -0.5663 0.1326
vn 0.4747 -0.8776 0.0669
vn 0.2182 -0.9748 0.0458
vn 0.8270 -0.5335 0.1773
vn 0.2195 -0.9744 0.0475
vn 0.5074 -0.8565 0.0943
vn 0.8323 -0.5034 0.2324
vn -0.0000 -0.9992 0.0411
vn 0.5362 -0.8337 0.1320
vn 0.2295 -0.9710 0.0672
vn 0.8385 -0.4464 0.3124
vn -0.0000 -0.9991 0.0424
vn 0.5552 -0.8111 0.1840
vn 0.2413 -0.9652 0.1006
vn 0.8012 -0.3993 0.4457
vn -0.0000 -0.9982 0.0598
vn 0.5481 -0.7921 0.2686
vn 0.2308 -0.9602 0.1572
vn 0.6415 -0.3884 0.6616
vn -0.0000 -0.9955 0.0943
vn 0.5059 -0.7652 0.3981
vn 0.1986 -0.9513 0.2358
vn 0.2725 -0.5135 0.8137
vn -0.0000 -0.9879 0.1549
vn 0.4357 -0.7007 0.5650
vn 0.1710 -0.9197 0.3534
vn -0.0000 -0.5718 0.8204
vn -0.0000 -0.9731 0.2303
vn 0.1265 -0.8278 0.5466
vn -0.0000 -0.8370 0.5473
vn -0.0000 -0.9360 0.3521
vn -0.2724 0.5135 0.8137
vn -0.3655 -0.0000 0.9308
vn -0.6415 0.3883 0.6615
vn -0.4357 0.7007 0.5650
vn -0.1265 0.8278 0.5466
vn -0.7169 -0.0000 0.6971
vn -0.1710 0.9197 0.3534
vn -0.5059 0.7652 0.3981
vn -0.8012 0.3993 0.4457
vn -0.8868 -0.0000 0.4621
vn -0.8385 0.4464 0.3124
vn -0.9397 -0.0000 0.3419
vn -0.1986 0.9513 0.2358
vn -0.5480 0.7922 0.2686
vn -0.8320 0.5036 0.2328
vn -0.9652 -0.0004 0.2615
vn -0.2308 0.9602 0.1572
vn -0.5552 0.8111 0.1840
vn -0.8280 0.5313 0.1792
vn -0.9792 -0.0044 0.2029
vn -0.2413 0.9652 0.1006
vn -0.5362 0.8337 0.1320
vn -0.8204 0.5542 0.1406
vn -0.9872 -0.0148 0.1587
vn -0.2284 0.9711 0.0688
vn -0.5056 0.8570 0.0998
vn -0.8277 0.5526 0.0981
vn -0.9937 -0.0303 0.1082
vn -0.2243 0.9732 0.0508
vn -0.4966 0.8646 0.0762
vn -0.8663 0.4932 0.0786
vn -0.9929 -0.0836 0.0846
vn -0.2377 0.9701 0.0496
vn -0.5387 0.8398 0.0671
vn -0.7976 -0.5961 0.0919
vn -0.7931 -0.6049 0.0712
vn -0.8134 -0.5663 0.1326
vn -0.4771 -0.8769 0.0592
vn -0.4747 -0.8776 0.0669
vn -0.2182 -0.9748 0.0458
vn -0.8270 -0.5335 0.1773
vn -0.5074 -0.8565 0.0943
vn -0.2195 -0.9744 0.0475
vn -0.5362 -0.8337 0.1320
vn -0.2295 -0.9710 0.0672
vn -0.8322 -0.5034 0.2324
vn -0.8385 -0.4464 0.3124
vn -0.2413 -0.9652 0.1006
vn -0.5552 -0.8111 0.1840
vn -0.8012 -0.3993 0.4457
vn -0.2308 -0.9602 0.1572
vn -0.5481 -0.7922 0.2686
vn -0.6415 -0.3884 0.6616
vn -0.1986 -0.9513 0.2358
vn -0.5059 -0.7652 0.3981
vn -0.2725 -0.5135 0.8137
vn -0.1710 -0.9197 0.3534
vn -0.4357 -0.7007 0.5650
vn -0.1265 -0.8278 0.5466
vn -0.6647 -0.3593 0.6550
vn -0.6997 -0.1875 0.6894
vn -0.7785 -0.3756 0.5029
vn -0.8371 -0.0000 0.5470
vn -0.6247 -0.1917 0.7569
vn -0.6354 -0.4527 0.6256
vn -0.5877 -0.3681 0.7205
vn -0.8223 0.1918 0.5358
vn -0.7123 -0.0000 0.7019
vn -0.6999 0.1856 0.6897
vn -0.8495 -0.4063 0.3366
vn -0.9586 -0.2175 0.1841
vn -0.6380 -0.0000 0.7701
vn -0.5544 -0.4619 0.6923
vn -0.7443 -0.4743 0.4701
vn -0.9091 0.2040 0.3633
vn -0.7824 0.3635 0.5058
vn -0.8872 -0.4287 0.1707
vn -0.9953 -0.0001 0.0965
vn -0.9707 -0.2212 0.0940
vn -0.6251 0.1895 0.7572
vn -0.8015 -0.5114 0.3101
vn -0.6148 0.5077 0.6035
vn -0.7149 0.5248 0.4622
vn -0.9593 0.2143 0.1841
vn -0.8959 -0.4353 0.0883
vn -0.5922 0.3555 0.7231
vn -0.8305 -0.5341 0.1581
vn -0.7681 0.5611 0.3085
vn -0.5797 0.5853 0.5668
vn -0.6656 0.6008 0.4427
vn -0.9715 0.2177 0.0940
vn -0.5517 0.5073 0.6620
vn -0.8380 -0.5393 0.0832
vn -0.8950 0.4116 0.1721
vn -0.7116 0.6386 0.2928
vn -0.5406 0.5738 0.6152
vn -0.9043 0.4174 0.0889
vn -0.7958 0.5844 0.1584
vn -0.8028 0.5904 0.0841
vn -0.7353 0.6606 0.1519
vn -0.7416 0.6659 0.0815
vn 0.6997 -0.1875 0.6894
vn 0.6647 -0.3593 0.6550
vn 0.8371 -0.0000 0.5470
vn 0.7785 -0.3756 0.5029
vn 0.6247 -0.1917 0.7569
vn 0.7123 -0.0000 0.7019
vn 0.6380 -0.0000 0.7701
vn 0.8495 -0.4063 0.3366
vn 0.6354 -0.4527 0.6256
vn 0.7443 -0.4743 0.4701
vn 0.8223 0.1918 0.5358
vn 0.9091 0.2040 0.3633
vn 0.5877 -0.3681 0.7205
vn 0.6999 0.1856 0.6897
vn 0.8015 -0.5114 0.3101
vn 0.9586 -0.2174 0.1841
vn 0.8872 -0.4287 0.1707
vn 0.7824 0.3635 0.5057
vn 0.9593 0.2143 0.1841
vn 0.8554 0.3914 0.3393
vn 0.5544 -0.4619 0.6923
vn 0.6251 0.1895 0.7572
vn 0.8305 -0.5341 0.1581
vn 0.9953 -0.0001 0.0965
vn 0.9707 -0.2212 0.0940
vn 0.6678 0.3484 0.6578
vn 0.8950 0.4116 0.1721
vn 0.7149 0.5248 0.4622
vn 0.7681 0.5611 0.3085
vn 0.8959 -0.4353 0.0883
vn 0.8380 -0.5393 0.0832
vn 0.9715 0.2177 0.0940
vn 0.5922 0.3555 0.7231
vn 0.6148 0.5077 0.6035
vn 0.7958 0.5844 0.1584
vn 0.6656 0.6008 0.4427
vn 0.7116 0.6386 0.2928
vn 0.9043 0.4174 0.0889
vn 0.5517 0.5073 0.6620
vn 0.5797 0.5854 0.5668
vn 0.7353 0.6606 0.1519
vn 0.8028 0.5904 0.0841
vn 0.5406 0.5738 0.6152
vn 0.7416 0.6659 0.0815
vt 0.154631 1.828400
vt 0.189919 1.800510
vt 0.190414 1.829310
vt 0.154755 1.800010
vt 0.154004 1.856990
vt 0.119908 1.826610
vt 0.119206 1.855720
vt 0.228047 1.828470
vt 0.187438 1.773570
vt 0.225402 1.796590
vt 0.152415 1.885290
vt 0.189586 1.858670
vt 0.187217 1.887680
vt 0.121148 1.797350
vt 0.083679 1.854740
vt 0.084598 1.824380
vt 0.227327 1.860880
vt 0.218817 1.766930
vt 0.156159 1.772560
vt 0.118178 1.884590
vt 0.183413 1.915840
vt 0.150611 1.913260
vt 0.086501 1.793880
vt 0.046875 1.854000
vt 0.048134 1.822040
vt 0.223865 1.892820
vt 0.123984 1.768070
vt 0.117726 1.913670
vt 0.178486 1.942230
vt 0.149381 1.940570
vt 0.083243 1.884920
vt 0.050771 1.790170
vt 0.217258 1.923750
vt 0.089889 1.763220
vt 0.118767 1.943230
vt 0.173807 1.962330
vt 0.152431 1.967450
vt 0.047075 1.885870
vt 0.207228 1.952720
vt 0.054532 1.758530
vt 0.083860 1.915480
vt 0.123065 1.973770
vt 0.190524 1.977630
vt 0.048766 1.918030
vt 0.086097 1.946790
vt 0.051911 1.950700
vt 0.090620 1.979550
vt 0.056412 1.984670
vt 0.310080 1.800510
vt 0.274600 1.796590
vt 0.312560 1.773570
vt 0.271950 1.828470
vt 0.345250 1.800010
vt 0.309590 1.829310
vt 0.345370 1.828400
vt 0.281180 1.766930
vt 0.272670 1.860880
vt 0.380090 1.826610
vt 0.343840 1.772560
vt 0.378850 1.797350
vt 0.310410 1.858670
vt 0.346000 1.856990
vt 0.415400 1.824380
vt 0.380790 1.855720
vt 0.416320 1.854740
vt 0.376020 1.768070
vt 0.312780 1.887680
vt 0.276140 1.892820
vt 0.453130 1.854000
vt 0.413500 1.793880
vt 0.451870 1.822040
vt 0.347590 1.885290
vt 0.381820 1.884590
vt 0.316590 1.915840
vt 0.282740 1.923750
vt 0.416760 1.884920
vt 0.452920 1.885870
vt 0.449230 1.790170
vt 0.410110 1.763220
vt 0.321510 1.942230
vt 0.292770 1.952720
vt 0.349390 1.913260
vt 0.416140 1.915480
vt 0.451230 1.918030
vt 0.445470 1.758530
vt 0.326190 1.962330
vt 0.309480 1.977630
vt 0.382270 1.913670
vt 0.413900 1.946790
vt 0.448090 1.950700
vt 0.350620 1.940570
vt 0.381230 1.943230
vt 0.409380 1.979550
vt 0.443590 1.984670
vt 0.347570 1.967450
vt 0.376930 1.973770
vt 0.784218 0.076269
vt 0.773408 0.076269
vt 0.773408 0.052582
vt 0.773408 0.103873
vt 0.783228 0.052582
vt 0.786858 0.103873
vt 0.794786 0.052582
vt 0.800066 0.103873
vt 0.794775 0.076269
vt 0.763320 0.052582
vt 0.762365 0.076269
vt 0.797724 0.030614
vt 0.773438 0.030614
vt 0.785485 0.030614
vt 0.807540 0.136443
vt 0.773408 0.136443
vt 0.790479 0.136443
vt 0.805575 0.052582
vt 0.805098 0.076269
vt 0.750949 0.052582
vt 0.759883 0.103873
vt 0.751577 0.076269
vt 0.746610 0.103873
vt 0.762087 0.030614
vt 0.797816 0.015625
vt 0.810797 0.030614
vt 0.812832 0.015625
vt 0.814290 0.174746
vt 0.812804 0.103873
vt 0.824612 0.136443
vt 0.739103 0.052582
vt 0.749191 0.030614
vt 0.735161 0.030614
vt 0.739235 0.136443
vt 0.741003 0.076269
vt 0.733840 0.103873
vt 0.773408 0.174746
vt 0.756313 0.136443
vt 0.784935 0.015625
vt 0.773438 0.015625
vt 0.835640 0.174746
vt 0.793677 0.174746
vt 0.817680 0.210561
vt 0.733339 0.015625
vt 0.722154 0.136443
vt 0.753130 0.174746
vt 0.732513 0.174746
vt 0.761394 0.015625
vt 0.841442 0.210561
vt 0.773408 0.210561
vt 0.795234 0.210561
vt 0.748580 0.015625
vt 0.711163 0.174746
vt 0.729126 0.210561
vt 0.842417 0.245624
vt 0.795408 0.245624
vt 0.751574 0.210561
vt 0.705364 0.210561
vt 0.818123 0.245624
vt 0.838733 0.276999
vt 0.751398 0.245624
vt 0.773408 0.245624
vt 0.728675 0.245624
vt 0.704376 0.245624
vt 0.815935 0.276999
vt 0.830983 0.307892
vt 0.794378 0.276999
vt 0.708042 0.276999
vt 0.752420 0.276999
vt 0.811247 0.307892
vt 0.818811 0.338440
vt 0.773408 0.276999
vt 0.792164 0.307892
vt 0.730847 0.276999
vt 0.715756 0.307892
vt 0.803395 0.337524
vt 0.794498 0.360494
vt 0.804978 0.365375
vt 0.773408 0.307892
vt 0.788334 0.338440
vt 0.735509 0.307892
vt 0.727802 0.338440
vt 0.754617 0.307892
vt 0.786885 0.372917
vt 0.790292 0.379995
vt 0.773408 0.338440
vt 0.783861 0.358562
vt 0.773408 0.357604
vt 0.743291 0.338440
vt 0.752150 0.360796
vt 0.741603 0.365705
vt 0.758417 0.338440
vt 0.779513 0.372059
vt 0.772878 0.385387
vt 0.759710 0.373111
vt 0.756281 0.380252
vt 0.762863 0.358689
vt 0.773408 0.369174
vt 0.767075 0.372147
vt 0.215782 0.076269
vt 0.216772 0.052582
vt 0.226592 0.052582
vt 0.205214 0.052582
vt 0.226592 0.076269
vt 0.205225 0.076269
vt 0.226592 0.103873
vt 0.199934 0.103873
vt 0.213142 0.103873
vt 0.226563 0.030614
vt 0.202276 0.030614
vt 0.214515 0.030614
vt 0.237635 0.076269
vt 0.236680 0.052582
vt 0.194902 0.076269
vt 0.194425 0.052582
vt 0.226592 0.136443
vt 0.192460 0.136443
vt 0.209521 0.136443
vt 0.215065 0.015625
vt 0.237913 0.030614
vt 0.226563 0.015625
vt 0.189203 0.030614
vt 0.202184 0.015625
vt 0.187168 0.015625
vt 0.240117 0.103873
vt 0.249051 0.052582
vt 0.253390 0.103873
vt 0.248423 0.076269
vt 0.187196 0.103873
vt 0.226592 0.174746
vt 0.185710 0.174746
vt 0.206323 0.174746
vt 0.238606 0.015625
vt 0.250809 0.030614
vt 0.258997 0.076269
vt 0.260897 0.052582
vt 0.243687 0.136443
vt 0.260765 0.136443
vt 0.175388 0.136443
vt 0.226592 0.210561
vt 0.182320 0.210561
vt 0.204766 0.210561
vt 0.251420 0.015625
vt 0.264839 0.030614
vt 0.266160 0.103873
vt 0.246870 0.174746
vt 0.267487 0.174746
vt 0.164360 0.174746
vt 0.204592 0.245624
vt 0.266661 0.015625
vt 0.277846 0.136443
vt 0.248426 0.210561
vt 0.270874 0.210561
vt 0.158558 0.210561
vt 0.226592 0.245624
vt 0.181877 0.245624
vt 0.205622 0.276999
vt 0.288837 0.174746
vt 0.248602 0.245624
vt 0.157583 0.245624
vt 0.226592 0.276999
vt 0.184065 0.276999
vt 0.207836 0.307892
vt 0.294636 0.210561
vt 0.247580 0.276999
vt 0.271325 0.245624
vt 0.161267 0.276999
vt 0.226592 0.307892
vt 0.188753 0.307892
vt 0.211666 0.338440
vt 0.295624 0.245624
vt 0.245383 0.307892
vt 0.269153 0.276999
vt 0.169017 0.307892
vt 0.226592 0.338440
vt 0.196605 0.337524
vt 0.226592 0.357604
vt 0.205502 0.360494
vt 0.216139 0.358562
vt 0.291958 0.276999
vt 0.241583 0.338440
vt 0.264491 0.307892
vt 0.181189 0.338440
vt 0.226592 0.369174
vt 0.213115 0.372917
vt 0.220487 0.372059
vt 0.284244 0.307892
vt 0.237137 0.358689
vt 0.256709 0.338440
vt 0.247850 0.360796
vt 0.195022 0.365375
vt 0.232925 0.372147
vt 0.209708 0.379995
vt 0.227122 0.385387
vt 0.272198 0.338440
vt 0.243719 0.380252
vt 0.240290 0.373111
vt 0.258396 0.365705
vt 0.687501 0.441406
vt 0.662665 0.441406
vt 0.687501 0.410402
vt 0.663349 0.410036
vt 0.639379 0.441406
vt 0.687500 0.381082
vt 0.640346 0.408534
vt 0.620137 0.441406
vt 0.665099 0.380288
vt 0.687500 0.353360
vt 0.619825 0.406391
vt 0.602651 0.441406
vt 0.643291 0.377898
vt 0.667129 0.352720
vt 0.601093 0.405263
vt 0.622203 0.374208
vt 0.647288 0.350558
vt 0.668840 0.326502
vt 0.687500 0.326643
vt 0.670028 0.300775
vt 0.687500 0.300217
vt 0.650702 0.325166
vt 0.652863 0.300353
vt 0.633281 0.322623
vt 0.628021 0.347070
vt 0.608997 0.341346
vt 0.597990 0.368536
vt 0.670678 0.274413
vt 0.687500 0.273515
vt 0.654003 0.274592
vt 0.636262 0.298599
vt 0.616416 0.318870
vt 0.584804 0.408336
vt 0.585866 0.441406
vt 0.579626 0.381181
vt 0.577952 0.349054
vt 0.670967 0.246105
vt 0.687499 0.245442
vt 0.654427 0.246388
vt 0.637658 0.273479
vt 0.619871 0.296138
vt 0.600548 0.313985
vt 0.591117 0.332621
vt 0.570768 0.414784
vt 0.564292 0.391042
vt 0.565621 0.361919
vt 0.551571 0.371469
vt 0.546156 0.347109
vt 0.535487 0.355518
vt 0.571957 0.441406
vt 0.671016 0.216994
vt 0.687499 0.216832
vt 0.687499 0.188479
vt 0.654425 0.217113
vt 0.670940 0.188102
vt 0.687499 0.161164
vt 0.638040 0.245932
vt 0.621096 0.271891
vt 0.603674 0.293515
vt 0.588431 0.308583
vt 0.577035 0.318214
vt 0.556258 0.330207
vt 0.670762 0.160419
vt 0.687499 0.135615
vt 0.654277 0.187986
vt 0.621229 0.245227
vt 0.603939 0.270539
vt 0.587302 0.293083
vt 0.569729 0.297439
vt 0.549155 0.302660
vt 0.526088 0.321862
vt 0.637895 0.217219
vt 0.637676 0.188551
vt 0.670356 0.135037
vt 0.687499 0.110723
vt 0.653987 0.160229
vt 0.637365 0.161177
vt 0.585820 0.270619
vt 0.603562 0.244751
vt 0.620855 0.217341
vt 0.620528 0.189352
vt 0.620315 0.162497
vt 0.566343 0.273451
vt 0.545397 0.277224
vt 0.525186 0.302858
vt 0.669602 0.110736
vt 0.687499 0.086081
vt 0.653346 0.135224
vt 0.636684 0.136499
vt 0.619974 0.138261
vt 0.584635 0.245060
vt 0.564309 0.246759
vt 0.543207 0.249225
vt 0.562661 0.218659
vt 0.602906 0.217525
vt 0.583566 0.217890
vt 0.602349 0.190010
vt 0.582583 0.190143
vt 0.602377 0.163532
vt 0.582988 0.163113
vt 0.560755 0.189487
vt 0.539563 0.218109
vt 0.603112 0.139978
vt 0.585706 0.139277
vt 0.561227 0.159756
vt 0.540727 0.187333
vt 0.652080 0.111629
vt 0.635048 0.113383
vt 0.650015 0.088204
vt 0.618258 0.115961
vt 0.631825 0.090597
vt 0.601935 0.119343
vt 0.613573 0.094447
vt 0.588819 0.123367
vt 0.595418 0.100455
vt 0.566653 0.132750
vt 0.578591 0.111971
vt 0.540353 0.155715
vt 0.547398 0.125279
vt 0.519110 0.226138
vt 0.524639 0.201339
vt 0.526401 0.181204
vt 0.526233 0.153366
vt 0.531237 0.125270
vt 0.535205 0.099757
vt 0.560286 0.095403
vt 0.584700 0.080484
vt 0.548092 0.068514
vt 0.528185 0.076894
vt 0.606551 0.071884
vt 0.627377 0.066842
vt 0.647373 0.063921
vt 0.513845 0.210024
vt 0.572352 0.056609
vt 0.598307 0.046463
vt 0.622397 0.040712
vt 0.644681 0.037661
vt 0.532883 0.042438
vt 0.559325 0.028484
vt 0.589644 0.017262
vt 0.618092 0.011470
vt 0.643034 0.009351
vt 0.514788 0.053724
vt 0.668572 0.086608
vt 0.667351 0.061910
vt 0.687498 0.061093
vt 0.666241 0.035825
vt 0.687498 0.035020
vt 0.665709 0.008612
vt 0.687498 0.007813
vt 0.500000 0.227528
vt 0.500000 0.212398
vt 0.486155 0.210024
vt 0.500000 0.252756
vt 0.480890 0.226138
vt 0.475361 0.201339
vt 0.478290 0.251623
vt 0.460437 0.218109
vt 0.456793 0.249225
vt 0.476921 0.279707
vt 0.454603 0.277224
vt 0.500000 0.280457
vt 0.474814 0.302858
vt 0.500000 0.301179
vt 0.523079 0.279707
vt 0.521710 0.251623
vt 0.500000 0.317176
vt 0.450845 0.302660
vt 0.473912 0.321862
vt 0.500000 0.330542
vt 0.433657 0.273451
vt 0.430271 0.297439
vt 0.437339 0.218659
vt 0.435691 0.246759
vt 0.443742 0.330207
vt 0.422965 0.318214
vt 0.459273 0.187333
vt 0.473599 0.181204
vt 0.439245 0.189487
vt 0.414180 0.270619
vt 0.415364 0.245060
vt 0.412698 0.293083
vt 0.411569 0.308582
vt 0.476467 0.336228
vt 0.453844 0.347109
vt 0.422048 0.349054
vt 0.408883 0.332621
vt 0.459647 0.155715
vt 0.473767 0.153366
vt 0.468763 0.125270
vt 0.438773 0.159756
vt 0.416434 0.217890
vt 0.417417 0.190143
vt 0.417012 0.163113
vt 0.397651 0.190010
vt 0.397094 0.217525
vt 0.396438 0.244751
vt 0.379145 0.217341
vt 0.396061 0.270539
vt 0.378771 0.245227
vt 0.396326 0.293515
vt 0.378904 0.271891
vt 0.399452 0.313985
vt 0.380129 0.296138
vt 0.391003 0.341346
vt 0.383584 0.318870
vt 0.452602 0.125279
vt 0.464795 0.099757
vt 0.433347 0.132750
vt 0.414294 0.139277
vt 0.397623 0.163532
vt 0.379472 0.189352
vt 0.362105 0.217219
vt 0.361960 0.245931
vt 0.362342 0.273479
vt 0.363738 0.298599
vt 0.366719 0.322623
vt 0.439714 0.095403
vt 0.421409 0.111971
vt 0.411181 0.123367
vt 0.396888 0.139978
vt 0.379685 0.162497
vt 0.362324 0.188551
vt 0.345575 0.217113
vt 0.345573 0.246388
vt 0.345997 0.274592
vt 0.347137 0.300353
vt 0.451908 0.068514
vt 0.471815 0.076894
vt 0.415300 0.080484
vt 0.404582 0.100455
vt 0.398066 0.119343
vt 0.380027 0.138261
vt 0.362635 0.161177
vt 0.345723 0.187986
vt 0.329033 0.246104
vt 0.329322 0.274413
vt 0.329972 0.300775
vt 0.393449 0.071884
vt 0.386427 0.094447
vt 0.381742 0.115961
vt 0.363316 0.136499
vt 0.346013 0.160229
vt 0.328984 0.216994
vt 0.329060 0.188102
vt 0.329238 0.160419
vt 0.349298 0.325166
vt 0.331160 0.326502
vt 0.352712 0.350558
vt 0.312500 0.273515
vt 0.312501 0.245442
vt 0.312501 0.216832
vt 0.312501 0.188479
vt 0.312501 0.161164
vt 0.312501 0.135615
vt 0.329644 0.135037
vt 0.312501 0.110723
vt 0.346654 0.135224
vt 0.330398 0.110736
vt 0.312502 0.086081
vt 0.364952 0.113383
vt 0.347920 0.111629
vt 0.349985 0.088204
vt 0.368175 0.090597
vt 0.331428 0.086608
vt 0.352627 0.063920
vt 0.332649 0.061910
vt 0.312502 0.061093
vt 0.372623 0.066842
vt 0.355319 0.037661
vt 0.333760 0.035825
vt 0.312502 0.035020
vt 0.377603 0.040712
vt 0.356966 0.009351
vt 0.334292 0.008612
vt 0.312502 0.007812
vt 0.381908 0.011470
vt 0.401693 0.046463
vt 0.410356 0.017262
vt 0.427648 0.056609
vt 0.440675 0.028484
vt 0.467117 0.042438
vt 0.485212 0.053724
vt 0.523533 0.336228
vt 0.518249 0.345245
vt 0.500000 0.340849
vt 0.481751 0.345245
vt 0.464512 0.355518
vt 0.448429 0.371469
vt 0.434379 0.361919
vt 0.435708 0.391042
vt 0.420374 0.381181
vt 0.402010 0.368536
vt 0.415196 0.408336
vt 0.429232 0.414784
vt 0.398907 0.405263
vt 0.377797 0.374208
vt 0.414134 0.441406
vt 0.397349 0.441406
vt 0.380175 0.406391
vt 0.379862 0.441406
vt 0.428043 0.441406
vt 0.356709 0.377898
vt 0.359654 0.408534
vt 0.360621 0.441406
vt 0.371979 0.347070
vt 0.336651 0.410036
vt 0.337334 0.441406
vt 0.334901 0.380287
vt 0.332871 0.352720
vt 0.312500 0.353360
vt 0.312499 0.381082
vt 0.312499 0.410402
vt 0.312499 0.441406
vt 0.312500 0.326643
vt 0.312500 0.300217
vt 1.000000 0.447503
vt 0.974297 0.447120
vt 1.000000 0.428352
vt 0.976167 0.427115
vt 0.948141 0.442507
vt 1.000000 0.407763
vt 0.952837 0.423289
vt 0.977123 0.406445
vt 1.000000 0.384177
vt 0.931452 0.416431
vt 0.923335 0.433037
vt 0.901210 0.417226
vt 0.955178 0.403525
vt 0.976795 0.383014
vt 1.000000 0.356266
vt 0.913167 0.404117
vt 0.883544 0.393771
vt 0.935515 0.399176
vt 0.954440 0.380776
vt 0.975780 0.355372
vt 1.000000 0.322975
vt 0.899577 0.383836
vt 0.870688 0.363674
vt 0.921400 0.394111
vt 0.933974 0.378189
vt 0.915745 0.378076
vt 0.952219 0.353729
vt 0.930057 0.352265
vt 0.909405 0.352626
vt 0.890047 0.356778
vt 0.862405 0.327546
vt 0.974674 0.322496
vt 0.950009 0.321672
vt 0.926715 0.321089
vt 0.904703 0.321503
vt 0.883617 0.323815
vt 0.859225 0.288285
vt 0.881161 0.287793
vt 0.861319 0.248850
vt 1.000000 0.286866
vt 0.974113 0.286818
vt 0.948939 0.286904
vt 0.925238 0.287101
vt 0.902805 0.287399
vt 0.883090 0.251675
vt 0.904486 0.253263
vt 0.888957 0.218416
vt 0.868593 0.212122
vt 0.926621 0.253112
vt 0.908872 0.222025
vt 0.897794 0.190744
vt 0.880561 0.180940
vt 0.949960 0.252142
vt 0.929751 0.221904
vt 0.914659 0.196225
vt 0.974648 0.251126
vt 0.952018 0.220063
vt 0.933206 0.195732
vt 0.919842 0.179704
vt 0.910948 0.169551
vt 0.934178 0.174244
vt 0.953897 0.192761
vt 0.975675 0.218176
vt 1.000000 0.250693
vt 1.000000 0.217206
vt 0.976509 0.190215
vt 1.000000 0.188854
vt 0.954193 0.169430
vt 0.976600 0.166127
vt 1.000000 0.164541
vt 0.929395 0.156392
vt 0.951300 0.148869
vt 0.975356 0.144566
vt 0.945838 0.128524
vt 0.920228 0.138994
vt 0.897812 0.156090
vt 0.973100 0.123300
vt 1.000000 0.122810
vt 1.000000 0.143060
vt 0.000000 0.447503
vt 0.000000 0.428352
vt 0.025703 0.447120
vt 0.023833 0.427115
vt 0.000000 0.407763
vt 0.051859 0.442507
vt 0.022877 0.406445
vt 0.000000 0.384177
vt 0.047163 0.423289
vt 0.023204 0.383014
vt 0.000000 0.356266
vt 0.044822 0.403525
vt 0.068548 0.416431
vt 0.076665 0.433037
vt 0.098790 0.417226
vt 0.024219 0.355372
vt 0.000000 0.322975
vt 0.045560 0.380776
vt 0.064485 0.399176
vt 0.086833 0.404117
vt 0.116456 0.393771
vt 0.025326 0.322496
vt 0.000000 0.286866
vt 0.047781 0.353729
vt 0.066026 0.378189
vt 0.078600 0.394111
vt 0.100423 0.383836
vt 0.084255 0.378076
vt 0.069943 0.352265
vt 0.090595 0.352626
vt 0.049991 0.321672
vt 0.073285 0.321089
vt 0.025887 0.286818
vt 0.051061 0.286904
vt 0.129312 0.363674
vt 0.109953 0.356778
vt 0.137595 0.327546
vt 0.095297 0.321503
vt 0.116383 0.323815
vt 0.140775 0.288285
vt 0.118839 0.287793
vt 0.138681 0.248850
vt 0.074762 0.287101
vt 0.097195 0.287399
vt 0.116910 0.251675
vt 0.095514 0.253263
vt 0.111043 0.218416
vt 0.131407 0.212122
vt 0.073379 0.253112
vt 0.091128 0.222025
vt 0.102206 0.190744
vt 0.119439 0.180940
vt 0.050040 0.252142
vt 0.070249 0.221904
vt 0.085341 0.196225
vt 0.025352 0.251126
vt 0.047982 0.220063
vt 0.066794 0.195732
vt 0.080159 0.179704
vt 0.089052 0.169551
vt 0.065822 0.174244
vt 0.046103 0.192761
vt 0.024325 0.218176
vt 0.000000 0.250693
vt 0.000000 0.217206
vt 0.023491 0.190215
vt 0.000000 0.188854
vt 0.045807 0.169430
vt 0.023400 0.166127
vt 0.000000 0.164541
vt 0.070605 0.156392
vt 0.048700 0.148869
vt 0.024644 0.144566
vt 0.054162 0.128524
vt 0.079772 0.138994
vt 0.102188 0.156090
vt 0.026900 0.123300
vt 0.000000 0.122810
vt 0.000000 0.143060
vt 0.598509 0.453125
vt 0.596544 0.464844
vt 0.585909 0.453125
vt 0.609986 0.453125
vt 0.580943 0.464844
vt 0.561491 0.453125
vt 0.609619 0.464844
vt 0.625000 0.453125
vt 0.625000 0.464844
vt 0.593708 0.487451
vt 0.608937 0.487451
vt 0.625000 0.487451
vt 0.560890 0.464844
vt 0.577556 0.487451
vt 0.591490 0.515625
vt 0.608035 0.515625
vt 0.625000 0.515625
vt 0.625000 0.538807
vt 0.606867 0.538807
vt 0.625000 0.555806
vt 0.560294 0.487451
vt 0.575012 0.515625
vt 0.589074 0.538807
vt 0.605143 0.555806
vt 0.625000 0.566406
vt 0.601854 0.566406
vt 0.585800 0.555806
vt 0.580266 0.566406
vt 0.571981 0.538807
vt 0.567523 0.555806
vt 0.560710 0.566406
vt 0.558667 0.515625
vt 0.555534 0.538807
vt 0.543094 0.515625
vt 0.543748 0.487451
vt 0.541812 0.464844
vt 0.538048 0.453125
vt 0.549810 0.555806
vt 0.540199 0.538807
vt 0.528414 0.515625
vt 0.528725 0.487451
vt 0.527170 0.464844
vt 0.525310 0.453125
vt 0.514217 0.453125
vt 0.514344 0.464844
vt 0.500000 0.453125
vt 0.514546 0.487451
vt 0.500000 0.464844
vt 0.540962 0.566406
vt 0.534287 0.555806
vt 0.526353 0.566406
vt 0.526261 0.538807
vt 0.522205 0.555806
vt 0.518540 0.566406
vt 0.514198 0.515625
vt 0.513147 0.538807
vt 0.511594 0.555806
vt 0.510801 0.566406
vt 0.500000 0.566406
vt 0.500000 0.555806
vt 0.500000 0.487451
vt 0.500000 0.515625
vt 0.500000 0.538807
vt 0.486853 0.538807
vt 0.485803 0.515625
vt 0.485455 0.487451
vt 0.485657 0.464844
vt 0.485784 0.453125
vt 0.488406 0.555806
vt 0.489199 0.566406
vt 0.481460 0.566406
vt 0.477796 0.555806
vt 0.473647 0.566406
vt 0.473740 0.538807
vt 0.465714 0.555806
vt 0.459038 0.566406
vt 0.471586 0.515625
vt 0.459801 0.538807
vt 0.450191 0.555806
vt 0.439291 0.566406
vt 0.471275 0.487451
vt 0.472830 0.464844
vt 0.474690 0.453125
vt 0.461952 0.453125
vt 0.458189 0.464844
vt 0.438510 0.453125
vt 0.456252 0.487451
vt 0.439111 0.464844
vt 0.456906 0.515625
vt 0.439706 0.487451
vt 0.444466 0.538807
vt 0.441334 0.515625
vt 0.432477 0.555806
vt 0.428019 0.538807
vt 0.424989 0.515625
vt 0.422444 0.487451
vt 0.419058 0.464844
vt 0.414092 0.453125
vt 0.419734 0.566406
vt 0.414200 0.555806
vt 0.398146 0.566406
vt 0.410927 0.538807
vt 0.394857 0.555806
vt 0.375000 0.566406
vt 0.375000 0.555806
vt 0.393133 0.538807
vt 0.375000 0.538807
vt 0.408511 0.515625
vt 0.391965 0.515625
vt 0.375000 0.515625
vt 0.375000 0.487451
vt 0.391064 0.487451
vt 0.375000 0.464844
vt 0.406293 0.487451
vt 0.390382 0.464844
vt 0.403456 0.464844
vt 0.401491 0.453125
vt 0.390015 0.453125
vt 0.375000 0.453125
vt 0.272950 0.970021
vt 0.286548 0.960029
vt 0.297981 0.987855
vt 0.256520 0.944837
vt 0.303448 0.979855
vt 0.326186 0.994013
vt 0.276762 0.938117
vt 0.250000 0.916145
vt 0.299858 0.954006
vt 0.310324 0.974419
vt 0.272050 0.916145
vt 0.294203 0.934500
vt 0.312757 0.950799
vt 0.317935 0.971278
vt 0.291087 0.916145
vt 0.310243 0.932680
vt 0.325851 0.950062
vt 0.325972 0.970222
vt 0.334018 0.971147
vt 0.250000 0.893675
vt 0.270148 0.893675
vt 0.325795 0.931917
vt 0.308698 0.916145
vt 0.289342 0.893675
vt 0.341653 0.974151
vt 0.338928 0.950656
vt 0.341320 0.932596
vt 0.250000 0.868700
vt 0.269406 0.868700
vt 0.325785 0.916145
vt 0.342861 0.916145
vt 0.307779 0.893675
vt 0.288498 0.868700
vt 0.348584 0.979441
vt 0.354165 0.987286
vt 0.351785 0.953696
vt 0.365036 0.959481
vt 0.378610 0.969122
vt 0.394263 0.944056
vt 0.374456 0.937731
vt 0.400012 0.916145
vt 0.357256 0.934305
vt 0.379116 0.916145
vt 0.360398 0.916145
vt 0.402613 0.893675
vt 0.382097 0.893675
vt 0.404415 0.868700
vt 0.362680 0.893675
vt 0.383794 0.868700
vt 0.344102 0.893675
vt 0.363989 0.868700
vt 0.325914 0.893675
vt 0.344820 0.868700
vt 0.307281 0.868700
vt 0.325990 0.868700
vt 0.325888 0.842969
vt 0.306901 0.842969
vt 0.345044 0.842969
vt 0.364446 0.842969
vt 0.384392 0.842969
vt 0.405001 0.842969
vt 0.404173 0.814191
vt 0.383706 0.814191
vt 0.401749 0.783691
vt 0.363872 0.814191
vt 0.381645 0.783691
vt 0.398693 0.754744
vt 0.344553 0.814191
vt 0.362190 0.783691
vt 0.378307 0.754744
vt 0.389783 0.720410
vt 0.306570 0.814191
vt 0.325477 0.814191
vt 0.324667 0.783691
vt 0.343292 0.783691
vt 0.359408 0.754744
vt 0.341363 0.754744
vt 0.371404 0.725823
vt 0.354521 0.729099
vt 0.374944 0.694765
vt 0.361277 0.702552
vt 0.358016 0.677026
vt 0.323640 0.754744
vt 0.338418 0.730899
vt 0.347989 0.707523
vt 0.349563 0.684820
vt 0.339724 0.666059
vt 0.306161 0.783691
vt 0.305931 0.754744
vt 0.322511 0.731548
vt 0.306433 0.731197
vt 0.334916 0.710320
vt 0.340499 0.689986
vt 0.336375 0.671393
vt 0.321060 0.662238
vt 0.331908 0.675177
vt 0.331091 0.692955
vt 0.326759 0.677435
vt 0.321793 0.711302
vt 0.321389 0.693973
vt 0.321166 0.678201
vt 0.315547 0.677503
vt 0.311606 0.693133
vt 0.310319 0.675298
vt 0.308522 0.710609
vt 0.301959 0.690331
vt 0.294995 0.708140
vt 0.289732 0.729827
vt 0.287960 0.754744
vt 0.287648 0.783691
vt 0.305744 0.671540
vt 0.292537 0.685295
vt 0.302289 0.666189
vt 0.283683 0.677542
vt 0.280920 0.703561
vt 0.266213 0.696162
vt 0.271481 0.727339
vt 0.250000 0.723586
vt 0.269351 0.754744
vt 0.287789 0.814191
vt 0.268926 0.783691
vt 0.250000 0.754744
vt 0.288027 0.842969
vt 0.268932 0.814191
vt 0.269052 0.842969
vt 0.250000 0.783691
vt 0.250000 0.814191
vt 0.250000 0.842969
vt 0.230948 0.842969
vt 0.231068 0.814191
vt 0.231074 0.783691
vt 0.230649 0.754744
vt 0.230594 0.868700
vt 0.211973 0.842969
vt 0.212211 0.814191
vt 0.212352 0.783691
vt 0.211502 0.868700
vt 0.193099 0.842969
vt 0.193430 0.814191
vt 0.228520 0.727339
vt 0.233787 0.696162
vt 0.212040 0.754744
vt 0.193839 0.783691
vt 0.229852 0.893675
vt 0.210658 0.893675
vt 0.192718 0.868700
vt 0.174112 0.842969
vt 0.192221 0.893675
vt 0.219081 0.703561
vt 0.216317 0.677541
vt 0.210268 0.729827
vt 0.194069 0.754744
vt 0.175333 0.783691
vt 0.174523 0.814191
vt 0.155447 0.814191
vt 0.227951 0.916145
vt 0.208913 0.916145
vt 0.191302 0.916145
vt 0.174010 0.868700
vt 0.174085 0.893675
vt 0.155180 0.868700
vt 0.154956 0.842969
vt 0.174215 0.916145
vt 0.155898 0.893675
vt 0.136011 0.868700
vt 0.207463 0.685295
vt 0.197711 0.666188
vt 0.205005 0.708140
vt 0.193567 0.731197
vt 0.176360 0.754744
vt 0.223238 0.938118
vt 0.243481 0.944837
vt 0.205797 0.934500
vt 0.189757 0.932680
vt 0.174205 0.931918
vt 0.157139 0.916145
vt 0.137319 0.893675
vt 0.136128 0.814191
vt 0.135554 0.842969
vt 0.116205 0.868700
vt 0.194257 0.671539
vt 0.178940 0.662236
vt 0.198041 0.690331
vt 0.189681 0.675297
vt 0.191478 0.710609
vt 0.188395 0.693132
vt 0.184454 0.677502
vt 0.177489 0.731548
vt 0.178207 0.711301
vt 0.178611 0.693973
vt 0.178834 0.678201
vt 0.173240 0.677433
vt 0.168909 0.692954
vt 0.168093 0.675177
vt 0.165084 0.710319
vt 0.159501 0.689985
vt 0.163624 0.671391
vt 0.160276 0.666058
vt 0.150437 0.684819
vt 0.141984 0.677025
vt 0.152011 0.707522
vt 0.138723 0.702551
vt 0.125056 0.694764
vt 0.161582 0.730899
vt 0.145478 0.729098
vt 0.158637 0.754744
vt 0.128596 0.725822
vt 0.140592 0.754744
vt 0.156708 0.783691
vt 0.137810 0.783691
vt 0.121692 0.754744
vt 0.118354 0.783691
vt 0.110217 0.720409
vt 0.101306 0.754744
vt 0.098251 0.783691
vt 0.116294 0.814191
vt 0.095826 0.814191
vt 0.115608 0.842969
vt 0.094999 0.842969
vt 0.095584 0.868700
vt 0.117902 0.893675
vt 0.097386 0.893675
vt 0.139602 0.916145
vt 0.120883 0.916145
vt 0.099987 0.916145
vt 0.158680 0.932596
vt 0.142743 0.934305
vt 0.125543 0.937731
vt 0.105736 0.944056
vt 0.174148 0.950062
vt 0.161072 0.950657
vt 0.148215 0.953696
vt 0.134964 0.959482
vt 0.121390 0.969122
vt 0.145835 0.987288
vt 0.151415 0.979440
vt 0.173814 0.994014
vt 0.158348 0.974153
vt 0.165981 0.971148
vt 0.174027 0.970222
vt 0.182066 0.971279
vt 0.187243 0.950799
vt 0.189675 0.974419
vt 0.200142 0.954007
vt 0.196552 0.979855
vt 0.213452 0.960030
vt 0.202019 0.987856
vt 0.227050 0.970021
vt 0.727050 0.970021
vt 0.702019 0.987855
vt 0.713452 0.960029
vt 0.743480 0.944837
vt 0.723238 0.938117
vt 0.750000 0.916145
vt 0.696552 0.979855
vt 0.673814 0.994013
vt 0.700142 0.954006
vt 0.689676 0.974419
vt 0.727950 0.916145
vt 0.705797 0.934500
vt 0.687243 0.950799
vt 0.682065 0.971278
vt 0.708913 0.916145
vt 0.689757 0.932680
vt 0.674149 0.950062
vt 0.674028 0.970222
vt 0.665982 0.971147
vt 0.750000 0.893675
vt 0.729852 0.893675
vt 0.674205 0.931917
vt 0.691302 0.916145
vt 0.710658 0.893675
vt 0.658347 0.974151
vt 0.661072 0.950656
vt 0.658680 0.932596
vt 0.750000 0.868700
vt 0.730594 0.868700
vt 0.674215 0.916145
vt 0.657139 0.916145
vt 0.692221 0.893675
vt 0.711502 0.868700
vt 0.651416 0.979441
vt 0.645835 0.987286
vt 0.648215 0.953696
vt 0.634964 0.959481
vt 0.621390 0.969122
vt 0.605737 0.944056
vt 0.625544 0.937731
vt 0.599988 0.916145
vt 0.642744 0.934305
vt 0.620884 0.916145
vt 0.639602 0.916145
vt 0.597387 0.893675
vt 0.617903 0.893675
vt 0.595585 0.868700
vt 0.637320 0.893675
vt 0.616206 0.868700
vt 0.655898 0.893675
vt 0.636011 0.868700
vt 0.674086 0.893675
vt 0.655180 0.868700
vt 0.692719 0.868700
vt 0.674010 0.868700
vt 0.674112 0.842969
vt 0.693099 0.842969
vt 0.654956 0.842969
vt 0.635554 0.842969
vt 0.615608 0.842969
vt 0.594999 0.842969
vt 0.595827 0.814191
vt 0.616294 0.814191
vt 0.598251 0.783691
vt 0.636128 0.814191
vt 0.618355 0.783691
vt 0.601307 0.754744
vt 0.655447 0.814191
vt 0.637810 0.783691
vt 0.621693 0.754744
vt 0.610217 0.720410
vt 0.693430 0.814191
vt 0.674523 0.814191
vt 0.675333 0.783691
vt 0.656708 0.783691
vt 0.640592 0.754744
vt 0.658637 0.754744
vt 0.628596 0.725823
vt 0.645479 0.729099
vt 0.625056 0.694765
vt 0.638723 0.702552
vt 0.641984 0.677026
vt 0.676360 0.754744
vt 0.661582 0.730899
vt 0.652012 0.707523
vt 0.650437 0.684820
vt 0.660276 0.666059
vt 0.693839 0.783691
vt 0.694069 0.754744
vt 0.677489 0.731548
vt 0.693567 0.731197
vt 0.665084 0.710320
vt 0.659501 0.689986
vt 0.663625 0.671393
vt 0.678940 0.662238
vt 0.668092 0.675177
vt 0.668909 0.692955
vt 0.673241 0.677435
vt 0.678207 0.711302
vt 0.678611 0.693973
vt 0.678834 0.678201
vt 0.684453 0.677503
vt 0.688394 0.693133
vt 0.689681 0.675298
vt 0.691478 0.710609
vt 0.698041 0.690331
vt 0.705005 0.708140
vt 0.710268 0.729827
vt 0.712040 0.754744
vt 0.712352 0.783691
vt 0.694256 0.671540
vt 0.707463 0.685295
vt 0.697711 0.666189
vt 0.716317 0.677542
vt 0.719080 0.703561
vt 0.733787 0.696162
vt 0.728519 0.727339
vt 0.750000 0.723586
vt 0.730649 0.754744
vt 0.712211 0.814191
vt 0.731074 0.783691
vt 0.750000 0.754744
vt 0.711973 0.842969
vt 0.731068 0.814191
vt 0.730948 0.842969
vt 0.750000 0.783691
vt 0.750000 0.814191
vt 0.750000 0.842969
vt 0.769052 0.842969
vt 0.768932 0.814191
vt 0.768926 0.783691
vt 0.769351 0.754744
vt 0.769406 0.868700
vt 0.788028 0.842969
vt 0.787789 0.814191
vt 0.787648 0.783691
vt 0.788498 0.868700
vt 0.806901 0.842969
vt 0.806570 0.814191
vt 0.771480 0.727339
vt 0.766213 0.696162
vt 0.787960 0.754744
vt 0.806161 0.783691
vt 0.770148 0.893675
vt 0.789342 0.893675
vt 0.825888 0.842969
vt 0.807281 0.868700
vt 0.807779 0.893675
vt 0.780919 0.703561
vt 0.783683 0.677541
vt 0.789732 0.729827
vt 0.805931 0.754744
vt 0.824667 0.783691
vt 0.825477 0.814191
vt 0.844553 0.814191
vt 0.772049 0.916145
vt 0.791087 0.916145
vt 0.808698 0.916145
vt 0.825990 0.868700
vt 0.825915 0.893675
vt 0.844820 0.868700
vt 0.845044 0.842969
vt 0.825785 0.916145
vt 0.844102 0.893675
vt 0.863989 0.868700
vt 0.792537 0.685295
vt 0.802289 0.666188
vt 0.794995 0.708140
vt 0.806433 0.731197
vt 0.823640 0.754744
vt 0.776762 0.938118
vt 0.756519 0.944837
vt 0.794203 0.934500
vt 0.810243 0.932680
vt 0.825795 0.931918
vt 0.842861 0.916145
vt 0.862681 0.893675
vt 0.863872 0.814191
vt 0.864446 0.842969
vt 0.883795 0.868700
vt 0.805743 0.671539
vt 0.821060 0.662236
vt 0.801959 0.690331
vt 0.810319 0.675297
vt 0.808522 0.710609
vt 0.811605 0.693132
vt 0.815546 0.677502
vt 0.822511 0.731548
vt 0.821793 0.711301
vt 0.821389 0.693973
vt 0.821166 0.678201
vt 0.826760 0.677433
vt 0.831091 0.692954
vt 0.831907 0.675177
vt 0.834916 0.710319
vt 0.840499 0.689985
vt 0.836376 0.671391
vt 0.839724 0.666058
vt 0.849563 0.684819
vt 0.858016 0.677025
vt 0.847988 0.707522
vt 0.861277 0.702551
vt 0.874944 0.694764
vt 0.838418 0.730899
vt 0.854522 0.729098
vt 0.841363 0.754744
vt 0.871404 0.725822
vt 0.859408 0.754744
vt 0.843292 0.783691
vt 0.862190 0.783691
vt 0.878308 0.754744
vt 0.881646 0.783691
vt 0.889783 0.720409
vt 0.898694 0.754744
vt 0.901749 0.783691
vt 0.883706 0.814191
vt 0.904174 0.814191
vt 0.884392 0.842969
vt 0.905002 0.842969
vt 0.904415 0.868700
vt 0.882098 0.893675
vt 0.902614 0.893675
vt 0.860398 0.916145
vt 0.879117 0.916145
vt 0.900013 0.916145
vt 0.841320 0.932596
vt 0.857257 0.934305
vt 0.874457 0.937731
vt 0.894264 0.944056
vt 0.825852 0.950062
vt 0.838928 0.950657
vt 0.851785 0.953696
vt 0.865036 0.959482
vt 0.878610 0.969122
vt 0.854165 0.987288
vt 0.848585 0.979440
vt 0.826186 0.994014
vt 0.841652 0.974153
vt 0.834019 0.971148
vt 0.825973 0.970222
vt 0.817934 0.971279
vt 0.812757 0.950799
vt 0.810325 0.974419
vt 0.799858 0.954007
vt 0.803448 0.979855
vt 0.786548 0.960030
vt 0.797981 0.987856
vt 0.772950 0.970021
vt 0.558985 0.573403
vt 0.568564 0.584269
vt 0.552078 0.594252
vt 0.561723 0.608608
vt 0.587975 0.592185
vt 0.540607 0.609700
vt 0.580743 0.616738
vt 0.550028 0.633685
vt 0.524277 0.636640
vt 0.611442 0.599100
vt 0.603531 0.622915
vt 0.500026 0.636643
vt 0.522331 0.615288
vt 0.633811 0.606486
vt 0.625087 0.630854
vt 0.595111 0.645010
vt 0.573819 0.639820
vt 0.500028 0.615505
vt 0.523698 0.659250
vt 0.614741 0.653672
vt 0.567705 0.660655
vt 0.546565 0.659675
vt 0.477725 0.615284
vt 0.602738 0.673718
vt 0.586522 0.664352
vt 0.564681 0.679682
vt 0.544486 0.680886
vt 0.475775 0.636635
vt 0.587311 0.689372
vt 0.579540 0.677882
vt 0.567313 0.698150
vt 0.522613 0.681551
vt 0.500024 0.659387
vt 0.450024 0.633676
vt 0.459450 0.609692
vt 0.545455 0.701084
vt 0.476350 0.659246
vt 0.438334 0.608596
vt 0.571799 0.717326
vt 0.522898 0.702658
vt 0.500022 0.681781
vt 0.477431 0.681547
vt 0.455558 0.680878
vt 0.453483 0.659667
vt 0.431498 0.584257
vt 0.447981 0.594242
vt 0.560134 0.723984
vt 0.543775 0.714700
vt 0.522664 0.710436
vt 0.500020 0.702933
vt 0.477142 0.702654
vt 0.432343 0.660643
vt 0.454585 0.701075
vt 0.432728 0.698138
vt 0.441078 0.573392
vt 0.419313 0.616723
vt 0.412085 0.592169
vt 0.574822 0.738411
vt 0.500019 0.708920
vt 0.426232 0.639807
vt 0.435363 0.679670
vt 0.456263 0.714692
vt 0.396523 0.622896
vt 0.566933 0.738404
vt 0.477374 0.710432
vt 0.413525 0.664336
vt 0.404939 0.644993
vt 0.412731 0.689357
vt 0.420505 0.677868
vt 0.439902 0.723973
vt 0.428239 0.717313
vt 0.388617 0.599080
vt 0.560049 0.750816
vt 0.397307 0.673699
vt 0.433100 0.738392
vt 0.425212 0.738397
vt 0.385308 0.653651
vt 0.374966 0.630831
vt 0.366246 0.606462
vt 0.572951 0.759391
vt 0.439983 0.750805
vt 0.545832 0.775089
vt 0.427079 0.759377
vt 0.569012 0.779130
vt 0.543959 0.759209
vt 0.456071 0.759201
vt 0.454195 0.775081
vt 0.564310 0.798264
vt 0.522953 0.772476
vt 0.522896 0.763204
vt 0.477133 0.763199
vt 0.477074 0.772471
vt 0.431015 0.779117
vt 0.559247 0.816426
vt 0.542675 0.794366
vt 0.500014 0.764477
vt 0.435713 0.798253
vt 0.539734 0.813406
vt 0.521297 0.792316
vt 0.500014 0.771415
vt 0.457348 0.794358
vt 0.555987 0.834070
vt 0.519915 0.811836
vt 0.500012 0.791929
vt 0.440772 0.816415
vt 0.478727 0.792312
vt 0.569357 0.837452
vt 0.556026 0.851897
vt 0.537810 0.832329
vt 0.460286 0.813399
vt 0.500010 0.811458
vt 0.573524 0.850603
vt 0.537728 0.851341
vt 0.444029 0.834060
vt 0.480105 0.811832
vt 0.519023 0.831284
vt 0.577609 0.868890
vt 0.558002 0.870447
vt 0.538604 0.870621
vt 0.443987 0.851887
vt 0.430658 0.837439
vt 0.480993 0.831280
vt 0.462206 0.832322
vt 0.518935 0.850751
vt 0.580338 0.889069
vt 0.559653 0.890046
vt 0.539573 0.890325
vt 0.426489 0.850590
vt 0.462285 0.851335
vt 0.500008 0.830912
vt 0.519275 0.870341
vt 0.581317 0.910072
vt 0.560401 0.910137
vt 0.540122 0.910246
vt 0.442007 0.870436
vt 0.422401 0.868876
vt 0.481078 0.850747
vt 0.500007 0.850412
vt 0.519735 0.890255
vt 0.580365 0.930983
vt 0.520025 0.910345
vt 0.440353 0.890035
vt 0.419669 0.889054
vt 0.461405 0.870614
vt 0.500005 0.870072
vt 0.480734 0.870338
vt 0.559820 0.930188
vt 0.539777 0.930190
vt 0.500003 0.890130
vt 0.439601 0.910126
vt 0.418685 0.910058
vt 0.460433 0.890318
vt 0.577779 0.950886
vt 0.519872 0.930510
vt 0.500001 0.910389
vt 0.480271 0.890251
vt 0.419634 0.930968
vt 0.459880 0.910239
vt 0.574054 0.968753
vt 0.558443 0.949659
vt 0.539119 0.949963
vt 0.499999 0.930741
vt 0.479977 0.910341
vt 0.440178 0.930177
vt 0.570392 0.981482
vt 0.556950 0.967961
vt 0.519615 0.950665
vt 0.480127 0.930506
vt 0.422216 0.950872
vt 0.460221 0.930183
vt 0.557707 0.985125
vt 0.538806 0.969402
vt 0.499997 0.951100
vt 0.441552 0.949649
vt 0.425938 0.968739
vt 0.460877 0.949956
vt 0.540019 0.988774
vt 0.480380 0.950661
vt 0.519642 0.970768
vt 0.443042 0.967950
vt 0.429597 0.981470
vt 0.480349 0.970764
vt 0.520442 0.991279
vt 0.442281 0.985115
vt 0.461186 0.969395
vt 0.499996 0.971396
vt 0.459969 0.988766
vt 0.499994 0.992188
vt 0.479546 0.991275
vt 0.875000 0.448838
vt 0.875000 0.457285
vt 0.847991 0.445932
vt 0.845801 0.454681
vt 0.848649 0.470319
vt 0.823115 0.438915
vt 0.875000 0.471092
vt 0.812413 0.449618
vt 0.852088 0.488786
vt 0.823648 0.471893
vt 0.802638 0.425504
vt 0.875000 0.487939
vt 0.830543 0.490939
vt 0.788639 0.430518
vt 0.853578 0.507881
vt 0.803130 0.478492
vt 0.833014 0.509308
vt 0.814005 0.510463
vt 0.768243 0.410733
vt 0.784402 0.408000
vt 0.875000 0.506935
vt 0.811837 0.494461
vt 0.788880 0.461921
vt 0.833163 0.527196
vt 0.770742 0.444152
vt 0.749806 0.425458
vt 0.875000 0.526430
vt 0.798777 0.497542
vt 0.853912 0.526880
vt 0.753554 0.462305
vt 0.732152 0.446155
vt 0.788120 0.488996
vt 0.772409 0.476658
vt 0.796316 0.509136
vt 0.813046 0.526734
vt 0.875000 0.545693
vt 0.740255 0.481372
vt 0.717262 0.467399
vt 0.779110 0.503036
vt 0.853542 0.545650
vt 0.832255 0.545141
vt 0.705027 0.489646
vt 0.760865 0.493312
vt 0.793308 0.524452
vt 0.852878 0.564556
vt 0.830921 0.563345
vt 0.875000 0.565083
vt 0.730049 0.501404
vt 0.695251 0.513495
vt 0.773481 0.519143
vt 0.752696 0.511308
vt 0.811323 0.543790
vt 0.852261 0.583944
vt 0.722211 0.522714
vt 0.688152 0.538440
vt 0.769025 0.536659
vt 0.746599 0.530493
vt 0.807526 0.579578
vt 0.809345 0.561409
vt 0.790382 0.541141
vt 0.875000 0.584922
vt 0.829712 0.582071
vt 0.716431 0.544886
vt 0.785275 0.576739
vt 0.787693 0.558661
vt 0.765469 0.555023
vt 0.742030 0.550452
vt 0.875000 0.606085
vt 0.851341 0.604681
vt 0.805426 0.598558
vt 0.712264 0.567622
vt 0.683781 0.564003
vt 0.783090 0.595387
vt 0.762408 0.573939
vt 0.849672 0.627701
vt 0.828046 0.601988
vt 0.709894 0.591259
vt 0.738329 0.570944
vt 0.781065 0.614369
vt 0.875000 0.629453
vt 0.825227 0.623782
vt 0.681867 0.590148
vt 0.760169 0.593585
vt 0.735938 0.592404
vt 0.802508 0.618451
vt 0.875000 0.656250
vt 0.846488 0.654156
vt 0.709487 0.615982
vt 0.759099 0.613907
vt 0.819613 0.648219
vt 0.795969 0.639374
vt 0.682052 0.616700
vt 0.735314 0.615109
vt 0.779338 0.630489
vt 0.711141 0.642319
vt 0.683730 0.643987
vt 0.761559 0.635331
vt 0.737493 0.639598
vt 0.125000 0.448838
vt 0.152009 0.445932
vt 0.125000 0.457285
vt 0.154199 0.454681
vt 0.176885 0.438915
vt 0.151351 0.470319
vt 0.197362 0.425504
vt 0.187587 0.449618
vt 0.125000 0.471092
vt 0.211361 0.430518
vt 0.176352 0.471893
vt 0.147912 0.488786
vt 0.215598 0.408000
vt 0.211120 0.461921
vt 0.196870 0.478492
vt 0.125000 0.487939
vt 0.169457 0.490939
vt 0.231757 0.410733
vt 0.201223 0.497542
vt 0.188163 0.494461
vt 0.227591 0.476658
vt 0.211880 0.488996
vt 0.146422 0.507881
vt 0.250194 0.425458
vt 0.229258 0.444152
vt 0.185995 0.510463
vt 0.220890 0.503036
vt 0.125000 0.506935
vt 0.166986 0.509308
vt 0.246446 0.462305
vt 0.247304 0.511308
vt 0.226519 0.519143
vt 0.203684 0.509136
vt 0.125000 0.526430
vt 0.166837 0.527196
vt 0.267848 0.446155
vt 0.239135 0.493312
vt 0.146088 0.526880
vt 0.186954 0.526734
vt 0.282738 0.467399
vt 0.259745 0.481372
vt 0.253401 0.530493
vt 0.125000 0.545693
vt 0.167745 0.545141
vt 0.146458 0.545650
vt 0.206692 0.524452
vt 0.294973 0.489646
vt 0.269951 0.501404
vt 0.257970 0.550452
vt 0.230975 0.536659
vt 0.147122 0.564556
vt 0.125000 0.565083
vt 0.188677 0.543790
vt 0.277789 0.522714
vt 0.304749 0.513495
vt 0.234531 0.555023
vt 0.147739 0.583944
vt 0.209618 0.541141
vt 0.169079 0.563345
vt 0.283569 0.544886
vt 0.311848 0.538440
vt 0.125000 0.584922
vt 0.212307 0.558661
vt 0.170288 0.582071
vt 0.190655 0.561409
vt 0.261671 0.570944
vt 0.316219 0.564003
vt 0.287736 0.567622
vt 0.148659 0.604681
vt 0.237592 0.573939
vt 0.192474 0.579578
vt 0.214725 0.576739
vt 0.318133 0.590148
vt 0.290106 0.591259
vt 0.125000 0.606085
vt 0.171954 0.601988
vt 0.264062 0.592404
vt 0.216910 0.595387
vt 0.317947 0.616700
vt 0.290513 0.615982
vt 0.150328 0.627701
vt 0.194574 0.598558
vt 0.239831 0.593585
vt 0.288859 0.642319
vt 0.264686 0.615109
vt 0.125000 0.629453
vt 0.174772 0.623782
vt 0.197492 0.618451
vt 0.218935 0.614369
vt 0.316270 0.643987
vt 0.240901 0.613907
vt 0.262507 0.639598
vt 0.153512 0.654156
vt 0.204031 0.639374
vt 0.180387 0.648219
vt 0.238441 0.635331
vt 0.220662 0.630489
vt 0.125000 0.656250
vt 0.991100 0.714690
vt 1.000000 0.722656
vt 0.988448 0.720205
vt 1.000000 0.716262
vt 0.982336 0.708857
vt 1.000000 0.707603
vt 0.986235 0.706112
vt 0.992782 0.706841
vt 0.977408 0.712069
vt 1.000000 0.695871
vt 0.983043 0.695871
vt 0.991264 0.695871
vt 0.975466 0.695871
vt 0.969429 0.695871
vt 1.000000 0.675756
vt 0.988860 0.675756
vt 0.967758 0.675756
vt 0.960181 0.675756
vt 0.977699 0.675756
vt 1.000000 0.643733
vt 0.957531 0.643733
vt 0.947158 0.643733
vt 0.985544 0.643733
vt 0.970634 0.643733
vt 0.946792 0.599959
vt 0.934039 0.599959
vt 0.982028 0.599959
vt 0.962811 0.599959
vt 1.000000 0.599959
vt 0.937764 0.551194
vt 0.922939 0.551194
vt 0.978722 0.551194
vt 0.956526 0.551194
vt 1.000000 0.551194
vt 0.931881 0.498152
vt 0.916223 0.498152
vt 0.975197 0.498152
vt 0.951545 0.498152
vt 1.000000 0.498152
vt 0.930284 0.468528
vt 0.914063 0.464574
vt 0.974444 0.482580
vt 0.950183 0.476351
vt 1.000000 0.485112
vt 0.933436 0.957233
vt 0.915113 0.990811
vt 0.916250 0.957233
vt 0.932765 0.992188
vt 0.922372 0.904191
vt 0.952688 0.991104
vt 0.937881 0.904191
vt 0.953282 0.957233
vt 0.933249 0.855427
vt 0.975546 0.988998
vt 0.946165 0.855427
vt 0.946298 0.811652
vt 0.975753 0.957233
vt 0.955776 0.904191
vt 0.956668 0.811652
vt 0.959296 0.779629
vt 1.000000 0.987570
vt 0.961968 0.855427
vt 0.977883 0.904191
vt 0.966870 0.779629
vt 0.968522 0.759515
vt 1.000000 0.957233
vt 0.969756 0.811652
vt 0.981146 0.855427
vt 0.974557 0.759515
vt 0.976507 0.743317
vt 1.000000 0.904191
vt 0.976801 0.779629
vt 0.984646 0.811652
vt 0.981432 0.746529
vt 0.987539 0.735180
vt 1.000000 0.855427
vt 0.982133 0.759515
vt 0.987951 0.779629
vt 0.990189 0.740695
vt 1.000000 0.732729
vt 1.000000 0.811652
vt 0.985327 0.749274
vt 0.990348 0.759515
vt 1.000000 0.739124
vt 1.000000 0.779629
vt 0.991868 0.748545
vt 1.000000 0.747783
vt 1.000000 0.759515
vt 0.008900 0.714690
vt 0.011552 0.720205
vt 0.000000 0.722656
vt 0.017664 0.708857
vt 0.000000 0.716262
vt 0.013765 0.706112
vt 0.000000 0.707603
vt 0.007218 0.706841
vt 0.022592 0.712069
vt 0.008736 0.695871
vt 0.016957 0.695871
vt 0.000000 0.695871
vt 0.024534 0.695871
vt 0.030571 0.695871
vt 0.000000 0.675756
vt 0.032242 0.675756
vt 0.039819 0.675756
vt 0.011140 0.675756
vt 0.022302 0.675756
vt 0.042469 0.643733
vt 0.052843 0.643733
vt 0.014456 0.643733
vt 0.029366 0.643733
vt 0.000000 0.643733
vt 0.053208 0.599959
vt 0.065961 0.599959
vt 0.017972 0.599959
vt 0.037189 0.599959
vt 0.000000 0.599959
vt 0.062236 0.551194
vt 0.077061 0.551194
vt 0.021278 0.551194
vt 0.043474 0.551194
vt 0.000000 0.551194
vt 0.068119 0.498152
vt 0.083776 0.498152
vt 0.024803 0.498152
vt 0.048455 0.498152
vt 0.000000 0.498152
vt 0.069716 0.468528
vt 0.085938 0.464574
vt 0.025556 0.482580
vt 0.049817 0.476351
vt 0.000000 0.485112
vt 0.066564 0.957233
vt 0.083750 0.957233
vt 0.084887 0.990811
vt 0.077628 0.904191
vt 0.067235 0.992188
vt 0.062119 0.904191
vt 0.047312 0.991104
vt 0.046718 0.957233
vt 0.066751 0.855427
vt 0.024454 0.988998
vt 0.053835 0.855427
vt 0.044224 0.904191
vt 0.024247 0.957233
vt 0.000000 0.987570
vt 0.053702 0.811652
vt 0.000000 0.957233
vt 0.038032 0.855427
vt 0.022117 0.904191
vt 0.043332 0.811652
vt 0.040704 0.779629
vt 0.000000 0.904191
vt 0.033130 0.779629
vt 0.031478 0.759515
vt 0.018854 0.855427
vt 0.030244 0.811652
vt 0.025443 0.759515
vt 0.023493 0.743317
vt 0.015354 0.811652
vt 0.023199 0.779629
vt 0.000000 0.855427
vt 0.018568 0.746529
vt 0.012461 0.735180
vt 0.012049 0.779629
vt 0.017867 0.759515
vt 0.000000 0.811652
vt 0.009811 0.740695
vt 0.000000 0.732729
vt 0.009652 0.759515
vt 0.014673 0.749274
vt 0.000000 0.779629
vt 0.000000 0.739124
vt 0.008132 0.748545
vt 0.000000 0.759515
vt 0.000000 0.747783
vt 0.618524 2.313600
vt 0.759676 2.202040
vt 0.761656 2.317240
vt 0.619020 2.200040
vt 0.616016 2.427960
vt 0.479632 2.306440
vt 0.476824 2.422880
vt 0.912188 2.313880
vt 0.749752 2.094280
vt 0.901608 2.186360
vt 0.609660 2.541160
vt 0.758344 2.434680
vt 0.748868 2.550720
vt 0.484592 2.189400
vt 0.334716 2.418960
vt 0.338392 2.297520
vt 0.909308 2.443520
vt 0.875268 2.067720
vt 0.624636 2.090240
vt 0.472712 2.538360
vt 0.733652 2.663360
vt 0.602444 2.653040
vt 0.346004 2.175520
vt 0.187500 2.416000
vt 0.192536 2.288160
vt 0.895460 2.571280
vt 0.495936 2.072280
vt 0.470904 2.654680
vt 0.713944 2.768920
vt 0.597524 2.762280
vt 0.332972 2.539680
vt 0.203084 2.160680
vt 0.869032 2.695000
vt 0.359556 2.052880
vt 0.475068 2.772920
vt 0.695228 2.849320
vt 0.609724 2.869800
vt 0.188300 2.543480
vt 0.828912 2.810880
vt 0.218128 2.034120
vt 0.335440 2.661920
vt 0.492260 2.895080
vt 0.762096 2.910520
vt 0.195064 2.672120
vt 0.344388 2.787160
vt 0.207644 2.802800
vt 0.362480 2.918200
vt 0.225648 2.938680
vt 0.618520 2.313600
vt 0.761640 2.317240
vt 0.759680 2.202040
vt 0.616000 2.427960
vt 0.619000 2.200040
vt 0.476840 2.422880
vt 0.479640 2.306440
vt 0.912200 2.313880
vt 0.758360 2.434680
vt 0.909320 2.443520
vt 0.484600 2.189400
vt 0.749760 2.094280
vt 0.624640 2.090240
vt 0.609640 2.541160
vt 0.334720 2.418960
vt 0.472720 2.538360
vt 0.901600 2.186360
vt 0.748880 2.550720
vt 0.495920 2.072280
vt 0.338400 2.297520
vt 0.346000 2.175520
vt 0.602440 2.653040
vt 0.332960 2.539680
vt 0.470920 2.654680
vt 0.875280 2.067720
vt 0.895440 2.571280
vt 0.359560 2.052880
vt 0.187480 2.416000
vt 0.192520 2.288160
vt 0.733640 2.663360
vt 0.597520 2.762280
vt 0.475080 2.772920
vt 0.203080 2.160680
vt 0.218120 2.034120
vt 0.188320 2.543480
vt 0.869040 2.695000
vt 0.713960 2.768920
vt 0.344400 2.787160
vt 0.609720 2.869800
vt 0.492280 2.895080
vt 0.195080 2.672120
vt 0.828920 2.810880
vt 0.695240 2.849320
vt 0.207640 2.802800
vt 0.762080 2.910520
vt 0.225640 2.938680
s 1
usemtl Material_#126
f 1/1/1 2/2/2 3/3/3
f 1/1/1 4/4/4 2/2/2
f 1/1/1 3/3/3 5/5/5
f 1/1/1 6/6/6 4/4/4
f 1/1/1 5/5/5 7/7/7
f 1/1/1 7/7/7 6/6/6
f 2/2/2 8/8/8 3/3/3
f 2/2/2 4/4/4 9/9/9
f 2/2/2 10/10/10 8/8/8
f 2/2/2 9/9/9 10/10/10
f 5/5/5 11/11/11 7/7/7
f 5/5/5 3/3/3 12/12/12
f 5/5/5 13/13/13 11/11/11
f 5/5/5 12/12/12 13/13/13
f 6/6/6 14/14/14 4/4/4
f 6/6/6 7/7/7 15/15/15
f 6/6/6 16/16/16 14/14/14
f 6/6/6 15/15/15 16/16/16
f 8/8/8 17/17/17 3/3/3
f 12/12/12 17/17/17 13/13/13
f 12/12/12 3/3/3 17/17/17
f 9/9/9 18/18/18 10/10/10
f 9/9/9 4/4/4 19/19/19
f 4/4/4 14/14/14 19/19/19
f 11/11/11 20/20/20 7/7/7
f 11/11/11 13/13/13 21/21/21
f 11/11/11 22/22/22 20/20/20
f 11/11/11 21/21/21 22/22/22
f 7/7/7 20/20/20 15/15/15
f 16/16/16 23/23/23 14/14/14
f 16/16/16 15/15/15 24/24/24
f 16/16/16 25/25/25 23/23/23
f 16/16/16 24/24/24 25/25/25
f 17/17/17 26/26/26 13/13/13
f 13/13/13 26/26/26 21/21/21
f 19/19/19 14/14/14 27/27/27
f 14/14/14 23/23/23 27/27/27
f 22/22/22 28/28/28 20/20/20
f 22/22/22 21/21/21 29/29/29
f 22/22/22 30/30/30 28/28/28
f 22/22/22 29/29/29 30/30/30
f 15/15/15 31/31/31 24/24/24
f 15/15/15 20/20/20 31/31/31
f 20/20/20 28/28/28 31/31/31
f 25/25/25 32/32/32 23/23/23
f 26/26/26 33/33/33 21/21/21
f 21/21/21 33/33/33 29/29/29
f 27/27/27 23/23/23 34/34/34
f 23/23/23 32/32/32 34/34/34
f 30/30/30 35/35/35 28/28/28
f 30/30/30 29/29/29 36/36/36
f 30/30/30 37/37/37 35/35/35
f 30/30/30 36/36/36 37/37/37
f 24/24/24 31/31/31 38/38/38
f 33/33/33 39/39/39 29/29/29
f 29/29/29 39/39/39 36/36/36
f 32/32/32 40/40/40 34/34/34
f 28/28/28 35/35/35 41/41/41
f 28/28/28 41/41/41 31/31/31
f 31/31/31 41/41/41 38/38/38
f 37/37/37 42/42/42 35/35/35
f 39/39/39 43/43/43 36/36/36
f 41/41/41 44/44/44 38/38/38
f 41/41/41 35/35/35 45/45/45
f 41/41/41 45/45/45 44/44/44
f 35/35/35 42/42/42 45/45/45
f 44/44/44 45/45/45 46/46/46
f 42/42/42 47/47/47 45/45/45
f 45/45/45 47/47/47 46/46/46
f 47/47/47 48/48/48 46/46/46
f 49/49/49 50/50/50 51/51/51
f 49/49/49 52/52/52 50/50/50
f 49/49/49 51/51/51 53/53/53
f 49/49/49 54/54/54 52/52/52
f 49/49/49 53/53/53 55/55/55
f 49/49/49 55/55/55 54/54/54
f 50/50/50 56/56/56 51/51/51
f 52/52/52 54/54/54 57/57/57
f 53/53/53 58/58/58 55/55/55
f 53/53/53 51/51/51 59/59/59
f 53/53/53 60/60/60 58/58/58
f 53/53/53 59/59/59 60/60/60
f 54/54/54 61/61/61 57/57/57
f 54/54/54 55/55/55 62/62/62
f 54/54/54 62/62/62 61/61/61
f 58/58/58 60/60/60 63/63/63
f 58/58/58 64/64/64 55/55/55
f 58/58/58 63/63/63 65/65/65
f 58/58/58 65/65/65 64/64/64
f 55/55/55 64/64/64 62/62/62
f 59/59/59 66/66/66 60/60/60
f 57/57/57 61/61/61 67/67/67
f 57/57/57 67/67/67 68/68/68
f 61/61/61 62/62/62 67/67/67
f 63/63/63 69/69/69 65/65/65
f 63/63/63 60/60/60 70/70/70
f 63/63/63 71/71/71 69/69/69
f 63/63/63 70/70/70 71/71/71
f 60/60/60 66/66/66 70/70/70
f 64/64/64 72/72/72 62/62/62
f 64/64/64 65/65/65 73/73/73
f 64/64/64 73/73/73 72/72/72
f 62/62/62 72/72/72 67/67/67
f 68/68/68 67/67/67 74/74/74
f 68/68/68 74/74/74 75/75/75
f 67/67/67 72/72/72 74/74/74
f 69/69/69 76/76/76 65/65/65
f 69/69/69 77/77/77 76/76/76
f 65/65/65 76/76/76 73/73/73
f 71/71/71 70/70/70 78/78/78
f 66/66/66 79/79/79 70/70/70
f 70/70/70 79/79/79 78/78/78
f 75/75/75 74/74/74 80/80/80
f 75/75/75 80/80/80 81/81/81
f 72/72/72 73/73/73 82/82/82
f 72/72/72 82/82/82 74/74/74
f 74/74/74 82/82/82 80/80/80
f 77/77/77 83/83/83 76/76/76
f 77/77/77 84/84/84 83/83/83
f 79/79/79 85/85/85 78/78/78
f 81/81/81 80/80/80 86/86/86
f 81/81/81 86/86/86 87/87/87
f 73/73/73 88/88/88 82/82/82
f 73/73/73 76/76/76 88/88/88
f 76/76/76 83/83/83 88/88/88
f 84/84/84 89/89/89 83/83/83
f 84/84/84 90/90/90 89/89/89
f 80/80/80 91/91/91 86/86/86
f 80/80/80 82/82/82 91/91/91
f 82/82/82 88/88/88 91/91/91
f 83/83/83 89/89/89 92/92/92
f 83/83/83 92/92/92 88/88/88
f 88/88/88 92/92/92 91/91/91
f 90/90/90 93/93/93 89/89/89
f 90/90/90 94/94/94 93/93/93
f 86/86/86 91/91/91 95/95/95
f 91/91/91 92/92/92 95/95/95
f 89/89/89 93/93/93 96/96/96
f 89/89/89 96/96/96 92/92/92
f 92/92/92 96/96/96 95/95/95
usemtl Material_#127
f 97/97/97 98/98/98 99/99/99
f 97/97/97 100/100/100 98/98/98
f 97/97/97 99/99/99 101/101/101
f 97/97/97 102/102/102 100/100/100
f 97/97/97 101/101/101 103/103/103
f 97/97/97 104/104/104 102/102/102
f 97/97/97 103/103/103 105/105/105
f 97/97/97 105/105/105 104/104/104
f 98/98/98 106/106/106 99/99/99
f 98/98/98 100/100/100 107/107/107
f 98/98/98 107/107/107 106/106/106
f 101/101/101 108/108/108 103/103/103
f 101/101/101 99/99/99 109/109/109
f 101/101/101 110/110/110 108/108/108
f 101/101/101 109/109/109 110/110/110
f 102/102/102 104/104/104 111/111/111
f 102/102/102 112/112/112 100/100/100
f 102/102/102 111/111/111 113/113/113
f 102/102/102 113/113/113 112/112/112
f 105/105/105 103/103/103 114/114/114
f 105/105/105 115/115/115 104/104/104
f 105/105/105 114/114/114 115/115/115
f 107/107/107 116/116/116 106/106/106
f 107/107/107 100/100/100 117/117/117
f 107/107/107 118/118/118 116/116/116
f 107/107/107 117/117/117 119/119/119
f 107/107/107 119/119/119 118/118/118
f 100/100/100 112/112/112 117/117/117
f 99/99/99 120/120/120 109/109/109
f 99/99/99 106/106/106 120/120/120
f 108/108/108 110/110/110 121/121/121
f 108/108/108 122/122/122 103/103/103
f 108/108/108 121/121/121 123/123/123
f 108/108/108 123/123/123 122/122/122
f 122/122/122 114/114/114 103/103/103
f 111/111/111 124/124/124 113/113/113
f 111/111/111 104/104/104 125/125/125
f 111/111/111 126/126/126 124/124/124
f 111/111/111 125/125/125 126/126/126
f 125/125/125 104/104/104 115/115/115
f 116/116/116 118/118/118 127/127/127
f 116/116/116 128/128/128 106/106/106
f 116/116/116 127/127/127 129/129/129
f 116/116/116 129/129/129 128/128/128
f 106/106/106 128/128/128 120/120/120
f 119/119/119 117/117/117 130/130/130
f 119/119/119 131/131/131 118/118/118
f 119/119/119 130/130/130 132/132/132
f 119/119/119 132/132/132 131/131/131
f 131/131/131 127/127/127 118/118/118
f 112/112/112 113/113/113 133/133/133
f 112/112/112 134/134/134 117/117/117
f 112/112/112 133/133/133 134/134/134
f 117/117/117 134/134/134 130/130/130
f 109/109/109 135/135/135 110/110/110
f 109/109/109 120/120/120 136/136/136
f 109/109/109 136/136/136 135/135/135
f 135/135/135 121/121/121 110/110/110
f 124/124/124 126/126/126 137/137/137
f 124/124/124 138/138/138 113/113/113
f 124/124/124 137/137/137 139/139/139
f 124/124/124 139/139/139 138/138/138
f 113/113/113 138/138/138 133/133/133
f 129/129/129 140/140/140 128/128/128
f 132/132/132 130/130/130 141/141/141
f 134/134/134 133/133/133 142/142/142
f 134/134/134 143/143/143 130/130/130
f 134/134/134 142/142/142 143/143/143
f 130/130/130 143/143/143 141/141/141
f 120/120/120 144/144/144 136/136/136
f 120/120/120 128/128/128 144/144/144
f 137/137/137 145/145/145 139/139/139
f 138/138/138 146/146/146 133/133/133
f 138/138/138 139/139/139 147/147/147
f 138/138/138 147/147/147 146/146/146
f 133/133/133 146/146/146 142/142/142
f 140/140/140 148/148/148 128/128/128
f 128/128/128 148/148/148 144/144/144
f 143/143/143 149/149/149 141/141/141
f 143/143/143 142/142/142 150/150/150
f 143/143/143 150/150/150 149/149/149
f 145/145/145 151/151/151 139/139/139
f 147/147/147 152/152/152 146/146/146
f 147/147/147 139/139/139 152/152/152
f 142/142/142 153/153/153 150/150/150
f 142/142/142 146/146/146 153/153/153
f 149/149/149 150/150/150 154/154/154
f 151/151/151 155/155/155 139/139/139
f 151/151/151 156/156/156 155/155/155
f 139/139/139 155/155/155 152/152/152
f 146/146/146 157/157/157 153/153/153
f 146/146/146 152/152/152 158/158/158
f 146/146/146 158/158/158 157/157/157
f 153/153/153 157/157/157 150/150/150
f 154/154/154 150/150/150 159/159/159
f 154/154/154 159/159/159 160/160/160
f 150/150/150 157/157/157 159/159/159
f 156/156/156 161/161/161 155/155/155
f 156/156/156 162/162/162 161/161/161
f 152/152/152 163/163/163 158/158/158
f 152/152/152 155/155/155 163/163/163
f 155/155/155 161/161/161 163/163/163
f 160/160/160 159/159/159 164/164/164
f 157/157/157 158/158/158 165/165/165
f 157/157/157 165/165/165 159/159/159
f 162/162/162 166/166/166 161/161/161
f 162/162/162 167/167/167 166/166/166
f 163/163/163 168/168/168 158/158/158
f 163/163/163 161/161/161 169/169/169
f 163/163/163 169/169/169 168/168/168
f 161/161/161 166/166/166 169/169/169
f 158/158/158 168/168/168 165/165/165
f 164/164/164 159/159/159 170/170/170
f 164/164/164 170/170/170 171/171/171
f 159/159/159 165/165/165 170/170/170
f 167/167/167 172/172/172 166/166/166
f 167/167/167 173/173/173 172/172/172
f 167/167/167 174/174/174 173/173/173
f 169/169/169 175/175/175 168/168/168
f 169/169/169 166/166/166 176/176/176
f 169/169/169 176/176/176 175/175/175
f 172/172/172 173/173/173 176/176/176
f 172/172/172 176/176/176 166/166/166
f 171/171/171 170/170/170 177/177/177
f 171/171/171 177/177/177 178/178/178
f 165/165/165 168/168/168 179/179/179
f 165/165/165 179/179/179 170/170/170
f 170/170/170 179/179/179 177/177/177
f 168/168/168 175/175/175 179/179/179
f 174/174/174 180/180/180 173/173/173
f 174/174/174 181/181/181 180/180/180
f 176/176/176 182/182/182 175/175/175
f 176/176/176 173/173/173 183/183/183
f 176/176/176 184/184/184 182/182/182
f 176/176/176 183/183/183 184/184/184
f 173/173/173 180/180/180 183/183/183
f 178/178/178 177/177/177 185/185/185
f 178/178/178 185/185/185 186/186/186
f 178/178/178 186/186/186 187/187/187
f 179/179/179 175/175/175 188/188/188
f 179/179/179 188/188/188 177/177/177
f 185/185/185 188/188/188 186/186/186
f 185/185/185 177/177/177 188/188/188
f 182/182/182 184/184/184 188/188/188
f 182/182/182 188/188/188 175/175/175
f 181/181/181 189/189/189 180/180/180
f 181/181/181 190/190/190 189/189/189
f 180/180/180 189/189/189 183/183/183
f 187/187/187 186/186/186 191/191/191
f 187/187/187 191/191/191 192/192/192
f 184/184/184 193/193/193 188/188/188
f 184/184/184 183/183/183 194/194/194
f 184/184/184 194/194/194 193/193/193
f 186/186/186 193/193/193 191/191/191
f 186/186/186 188/188/188 193/193/193
f 183/183/183 189/189/189 194/194/194
f 190/190/190 192/192/192 195/195/195
f 190/190/190 195/195/195 189/189/189
f 195/195/195 191/191/191 193/193/193
f 195/195/195 194/194/194 189/189/189
f 195/195/195 192/192/192 191/191/191
f 195/195/195 193/193/193 194/194/194
f 196/196/196 197/197/197 198/198/198
f 196/196/196 199/199/199 197/197/197
f 196/196/196 198/198/198 200/200/200
f 196/196/196 201/201/201 199/199/199
f 196/196/196 200/200/200 202/202/202
f 196/196/196 203/203/203 201/201/201
f 196/196/196 202/202/202 204/204/204
f 196/196/196 204/204/204 203/203/203
f 197/197/197 205/205/205 198/198/198
f 197/197/197 199/199/199 206/206/206
f 197/197/197 207/207/207 205/205/205
f 197/197/197 206/206/206 207/207/207
f 200/200/200 208/208/208 202/202/202
f 200/200/200 198/198/198 209/209/209
f 200/200/200 209/209/209 208/208/208
f 201/201/201 203/203/203 115/210/115
f 201/201/201 114/211/114 199/199/199
f 201/201/201 115/210/115 114/211/114
f 204/204/204 202/202/202 210/212/210
f 204/204/204 211/213/211 203/203/203
f 204/204/204 210/212/210 212/214/212
f 204/204/204 212/214/212 211/213/211
f 205/205/205 207/207/207 213/215/213
f 205/205/205 214/216/214 198/198/198
f 205/205/205 213/215/213 215/217/215
f 205/205/205 215/217/215 214/216/214
f 198/198/198 214/216/214 209/209/209
f 206/206/206 199/199/199 122/218/122
f 206/206/206 216/219/216 207/207/207
f 206/206/206 122/218/122 123/220/123
f 206/206/206 123/220/123 216/219/216
f 216/219/216 213/215/213 207/207/207
f 122/218/122 199/199/199 114/211/114
f 208/208/208 217/221/217 202/202/202
f 208/208/208 209/209/209 218/222/218
f 208/208/208 219/223/219 217/221/217
f 208/208/208 218/222/218 220/224/220
f 208/208/208 220/224/220 219/223/219
f 202/202/202 217/221/217 210/212/210
f 115/210/115 203/203/203 125/225/125
f 203/203/203 211/213/211 125/225/125
f 212/214/212 210/212/210 221/226/221
f 212/214/212 222/227/222 211/213/211
f 212/214/212 221/226/221 223/228/223
f 212/214/212 223/228/223 222/227/222
f 215/217/215 224/229/224 214/216/214
f 209/209/209 225/230/225 218/222/218
f 209/209/209 214/216/214 225/230/225
f 214/216/214 224/229/224 225/230/225
f 220/224/220 131/231/131 219/223/219
f 220/224/220 218/222/218 127/232/127
f 220/224/220 127/232/127 131/231/131
f 217/221/217 226/233/226 210/212/210
f 217/221/217 219/223/219 227/234/227
f 217/221/217 227/234/227 226/233/226
f 210/212/210 226/233/226 221/226/221
f 125/225/125 211/213/211 126/235/126
f 211/213/211 222/227/222 126/235/126
f 223/228/223 221/226/221 228/236/228
f 223/228/223 229/237/229 222/227/222
f 223/228/223 228/236/228 230/238/230
f 223/228/223 230/238/230 229/237/229
f 224/229/224 231/239/231 225/230/225
f 218/222/218 129/240/129 127/232/127
f 218/222/218 225/230/225 129/240/129
f 131/231/131 132/241/132 219/223/219
f 219/223/219 132/241/132 227/234/227
f 226/233/226 232/242/232 221/226/221
f 226/233/226 227/234/227 233/243/233
f 226/233/226 233/243/233 232/242/232
f 221/226/221 232/242/232 228/236/228
f 126/235/126 222/227/222 137/244/137
f 222/227/222 229/237/229 137/244/137
f 230/238/230 228/236/228 234/245/234
f 230/238/230 234/245/234 229/237/229
f 231/239/231 140/246/140 225/230/225
f 225/230/225 140/246/140 129/240/129
f 132/241/132 141/247/141 227/234/227
f 227/234/227 141/247/141 233/243/233
f 232/242/232 235/248/235 228/236/228
f 232/242/232 233/243/233 236/249/236
f 232/242/232 236/249/236 235/248/235
f 137/244/137 229/237/229 145/250/145
f 234/245/234 228/236/228 237/251/237
f 234/245/234 238/252/238 229/237/229
f 234/245/234 237/251/237 239/253/239
f 234/245/234 239/253/239 238/252/238
f 141/247/141 149/254/149 233/243/233
f 233/243/233 149/254/149 236/249/236
f 235/248/235 240/255/240 228/236/228
f 235/248/235 236/249/236 240/255/240
f 228/236/228 240/255/240 237/251/237
f 145/250/145 229/237/229 151/256/151
f 229/237/229 238/252/238 151/256/151
f 239/253/239 237/251/237 241/257/241
f 239/253/239 242/258/242 238/252/238
f 239/253/239 241/257/241 243/259/243
f 239/253/239 243/259/243 242/258/242
f 149/254/149 154/260/154 236/249/236
f 240/255/240 244/261/244 237/251/237
f 240/255/240 236/249/236 245/262/245
f 240/255/240 245/262/245 244/261/244
f 236/249/236 154/260/154 245/262/245
f 237/251/237 244/261/244 241/257/241
f 151/256/151 238/252/238 156/263/156
f 238/252/238 242/258/242 156/263/156
f 243/259/243 241/257/241 246/264/246
f 243/259/243 247/265/247 242/258/242
f 243/259/243 246/264/246 248/266/248
f 243/259/243 248/266/248 247/265/247
f 154/260/154 160/267/160 245/262/245
f 244/261/244 249/268/249 241/257/241
f 244/261/244 245/262/245 250/269/250
f 244/261/244 250/269/250 249/268/249
f 241/257/241 249/268/249 246/264/246
f 156/263/156 242/258/242 162/270/162
f 242/258/242 247/265/247 162/270/162
f 248/266/248 246/264/246 251/271/251
f 248/266/248 252/272/252 247/265/247
f 248/266/248 251/271/251 253/273/253
f 248/266/248 254/274/254 252/272/252
f 248/266/248 253/273/253 255/275/255
f 248/266/248 255/275/255 254/274/254
f 160/267/160 164/276/164 245/262/245
f 245/262/245 164/276/164 250/269/250
f 249/268/249 256/277/256 246/264/246
f 249/268/249 250/269/250 257/278/257
f 249/268/249 257/278/257 256/277/256
f 251/271/251 256/277/256 253/273/253
f 251/271/251 246/264/246 256/277/256
f 162/270/162 247/265/247 167/279/167
f 252/272/252 254/274/254 167/279/167
f 252/272/252 167/279/167 247/265/247
f 255/275/255 253/273/253 258/280/258
f 255/275/255 259/281/259 254/274/254
f 255/275/255 258/280/258 260/282/260
f 255/275/255 260/282/260 259/281/259
f 164/276/164 171/283/171 250/269/250
f 250/269/250 171/283/171 257/278/257
f 256/277/256 261/284/261 253/273/253
f 256/277/256 257/278/257 262/285/262
f 256/277/256 263/286/263 261/284/261
f 256/277/256 262/285/262 263/286/263
f 253/273/253 261/284/261 258/280/258
f 167/279/167 254/274/254 174/287/174
f 254/274/254 259/281/259 174/287/174
f 260/282/260 258/280/258 264/288/264
f 260/282/260 181/289/181 259/281/259
f 260/282/260 264/288/264 190/290/190
f 260/282/260 190/290/190 181/289/181
f 181/289/181 174/287/174 259/281/259
f 258/280/258 261/284/261 264/288/264
f 171/283/171 178/291/178 257/278/257
f 262/285/262 178/291/178 263/286/263
f 262/285/262 257/278/257 178/291/178
f 190/290/190 264/288/264 192/292/192
f 261/284/261 263/286/263 265/293/265
f 261/284/261 265/293/265 264/288/264
f 264/288/264 265/293/265 192/292/192
f 178/291/178 187/294/187 263/286/263
f 187/294/187 265/293/265 263/286/263
f 187/294/187 192/292/192 265/293/265
f 266/295/266 267/296/267 268/297/268
f 268/297/268 267/296/267 269/298/269
f 267/296/267 270/299/270 269/298/269
f 268/297/268 269/298/269 271/300/271
f 269/298/269 270/299/270 272/301/272
f 270/299/270 273/302/273 272/301/272
f 269/298/269 274/303/274 271/300/271
f 269/298/269 272/301/272 274/303/274
f 271/300/271 274/303/274 275/304/275
f 272/301/272 273/302/273 276/305/276
f 273/302/273 277/306/277 276/305/276
f 272/301/272 278/307/278 274/303/274
f 272/301/272 276/305/276 278/307/278
f 274/303/274 279/308/279 275/304/275
f 274/303/274 278/307/278 279/308/279
f 276/305/276 277/306/277 280/309/280
f 276/305/276 281/310/281 278/307/278
f 276/305/276 280/309/280 281/310/281
f 278/307/278 282/311/282 279/308/279
f 278/307/278 281/310/281 282/311/282
f 279/308/279 283/312/283 275/304/275
f 279/308/279 282/311/282 283/312/283
f 275/304/275 283/312/283 284/313/284
f 284/313/284 283/312/283 285/314/285
f 284/313/284 285/314/285 286/315/286
f 283/312/283 282/311/282 287/316/287
f 283/312/283 288/317/288 285/314/285
f 283/312/283 287/316/287 288/317/288
f 287/316/287 282/311/282 289/318/289
f 287/316/287 289/318/289 288/317/288
f 282/311/282 281/310/281 290/319/290
f 282/311/282 290/319/290 289/318/289
f 290/319/290 281/310/281 291/320/291
f 290/319/290 291/320/291 289/318/289
f 281/310/281 280/309/280 292/321/292
f 281/310/281 292/321/292 291/320/291
f 285/314/285 293/322/293 286/315/286
f 286/315/286 293/322/293 294/323/294
f 285/314/285 288/317/288 295/324/295
f 285/314/285 295/324/295 293/322/293
f 288/317/288 289/318/289 296/325/296
f 288/317/288 296/325/296 295/324/295
f 289/318/289 291/320/291 297/326/297
f 289/318/289 297/326/297 296/325/296
f 280/309/280 277/306/277 298/327/298
f 277/306/277 299/328/299 298/327/298
f 280/309/280 300/329/300 292/321/292
f 280/309/280 298/327/298 300/329/300
f 292/321/292 301/330/301 291/320/291
f 292/321/292 300/329/300 301/330/301
f 293/322/293 302/331/302 294/323/294
f 294/323/294 302/331/302 303/332/303
f 293/322/293 295/324/295 304/333/304
f 293/322/293 304/333/304 302/331/302
f 295/324/295 296/325/296 305/334/305
f 295/324/295 305/334/305 304/333/304
f 296/325/296 297/326/297 306/335/306
f 296/325/296 306/335/306 305/334/305
f 297/326/297 291/320/291 307/336/307
f 297/326/297 307/336/307 306/335/306
f 291/320/291 301/330/301 308/337/308
f 291/320/291 308/337/308 307/336/307
f 298/327/298 299/328/299 121/338/121
f 121/338/121 135/339/135 298/327/298
f 298/327/298 135/339/135 300/329/300
f 300/329/300 309/340/309 301/330/301
f 300/329/300 135/339/135 309/340/309
f 135/339/135 136/341/136 309/340/309
f 309/340/309 310/342/310 301/330/301
f 309/340/309 136/341/136 310/342/310
f 136/341/136 144/343/144 310/342/310
f 121/338/121 299/328/299 123/344/123
f 302/331/302 311/345/311 303/332/303
f 303/332/303 311/345/311 312/346/312
f 312/346/312 311/345/311 313/347/313
f 302/331/302 304/333/304 314/348/314
f 302/331/302 314/348/314 311/345/311
f 311/345/311 315/349/315 313/347/313
f 311/345/311 314/348/314 315/349/315
f 313/347/313 315/349/315 316/350/316
f 304/333/304 305/334/305 317/351/317
f 304/333/304 317/351/317 314/348/314
f 305/334/305 306/335/306 318/352/318
f 305/334/305 318/352/318 317/351/317
f 306/335/306 307/336/307 319/353/319
f 306/335/306 319/353/319 318/352/318
f 307/336/307 308/337/308 320/354/320
f 307/336/307 320/354/320 319/353/319
f 308/337/308 301/330/301 321/355/321
f 308/337/308 321/355/321 320/354/320
f 301/330/301 310/342/310 322/356/322
f 301/330/301 322/356/322 321/355/321
f 315/349/315 323/357/323 316/350/316
f 316/350/316 323/357/323 324/358/324
f 315/349/315 314/348/314 325/359/325
f 315/349/315 325/359/325 323/357/323
f 317/351/317 318/352/318 326/360/326
f 318/352/318 319/353/319 327/361/327
f 318/352/318 327/361/327 326/360/326
f 319/353/319 320/354/320 328/362/328
f 319/353/319 328/362/328 327/361/327
f 320/354/320 321/355/321 329/363/329
f 320/354/320 329/363/329 328/362/328
f 321/355/321 322/356/322 330/364/330
f 321/355/321 330/364/330 329/363/329
f 322/356/322 310/342/310 331/365/331
f 322/356/322 331/365/331 330/364/330
f 317/351/317 332/366/332 314/348/314
f 317/351/317 326/360/326 332/366/332
f 314/348/314 333/367/333 325/359/325
f 314/348/314 332/366/332 333/367/333
f 323/357/323 334/368/334 324/358/324
f 324/358/324 334/368/334 335/369/335
f 323/357/323 325/359/325 336/370/336
f 323/357/323 336/370/336 334/368/334
f 325/359/325 333/367/333 337/371/337
f 325/359/325 337/371/337 336/370/336
f 327/361/327 338/372/338 339/373/339
f 327/361/327 328/362/328 338/372/338
f 327/361/327 339/373/339 326/360/326
f 326/360/326 340/374/340 332/366/332
f 326/360/326 339/373/339 340/374/340
f 332/366/332 341/375/341 333/367/333
f 332/366/332 340/374/340 341/375/341
f 333/367/333 342/376/342 337/371/337
f 333/367/333 341/375/341 342/376/342
f 328/362/328 329/363/329 343/377/343
f 328/362/328 343/377/343 338/372/338
f 329/363/329 330/364/330 344/378/344
f 329/363/329 344/378/344 343/377/343
f 330/364/330 331/365/331 345/379/345
f 330/364/330 345/379/345 344/378/344
f 334/368/334 346/380/346 335/369/335
f 335/369/335 346/380/346 347/381/347
f 334/368/334 336/370/336 348/382/348
f 334/368/334 348/382/348 346/380/346
f 336/370/336 337/371/337 349/383/349
f 336/370/336 349/383/349 348/382/348
f 337/371/337 342/376/342 350/384/350
f 337/371/337 350/384/350 349/383/349
f 339/373/339 338/372/338 351/385/351
f 338/372/338 343/377/343 352/386/352
f 338/372/338 352/386/352 351/385/351
f 343/377/343 344/378/344 353/387/353
f 343/377/343 353/387/353 352/386/352
f 352/386/352 354/388/354 351/385/351
f 352/386/352 353/387/353 354/388/354
f 339/373/339 355/389/355 340/374/340
f 339/373/339 351/385/351 355/389/355
f 351/385/351 354/388/354 356/390/356
f 351/385/351 356/390/356 355/389/355
f 355/389/355 357/391/357 340/374/340
f 340/374/340 357/391/357 341/375/341
f 355/389/355 356/390/356 357/391/357
f 356/390/356 354/388/354 358/392/358
f 356/390/356 358/392/358 357/391/357
f 341/375/341 359/393/359 342/376/342
f 341/375/341 357/391/357 359/393/359
f 357/391/357 358/392/358 360/394/360
f 357/391/357 360/394/360 359/393/359
f 358/392/358 354/388/354 361/395/361
f 358/392/358 361/395/361 360/394/360
f 354/388/354 353/387/353 362/396/362
f 354/388/354 362/396/362 361/395/361
f 342/376/342 363/397/363 350/384/350
f 342/376/342 359/393/359 363/397/363
f 359/393/359 360/394/360 364/398/364
f 359/393/359 364/398/364 363/397/363
f 360/394/360 361/395/361 365/399/365
f 360/394/360 365/399/365 364/398/364
f 361/395/361 362/396/362 366/400/366
f 361/395/361 366/400/366 365/399/365
f 348/382/348 367/401/367 346/380/346
f 348/382/348 349/383/349 368/402/368
f 348/382/348 368/402/368 367/401/367
f 367/401/367 369/403/369 346/380/346
f 367/401/367 368/402/368 369/403/369
f 349/383/349 350/384/350 370/404/370
f 349/383/349 370/404/370 368/402/368
f 368/402/368 371/405/371 369/403/369
f 368/402/368 370/404/370 371/405/371
f 350/384/350 363/397/363 372/406/372
f 350/384/350 372/406/372 370/404/370
f 370/404/370 373/407/373 371/405/371
f 370/404/370 372/406/372 373/407/373
f 363/397/363 364/398/364 374/408/374
f 363/397/363 374/408/374 372/406/372
f 372/406/372 375/409/375 373/407/373
f 372/406/372 374/408/374 375/409/375
f 364/398/364 365/399/365 376/410/376
f 364/398/364 376/410/376 374/408/374
f 374/408/374 377/411/377 375/409/375
f 374/408/374 376/410/376 377/411/377
f 365/399/365 366/400/366 378/412/378
f 365/399/365 378/412/378 376/410/376
f 376/410/376 379/413/379 377/411/377
f 376/410/376 378/412/378 379/413/379
f 362/396/362 353/387/353 380/414/380
f 362/396/362 381/415/381 366/400/366
f 362/396/362 380/414/380 381/415/381
f 381/415/381 382/416/382 366/400/366
f 366/400/366 382/416/382 378/412/378
f 382/416/382 383/417/383 378/412/378
f 378/412/378 384/418/384 379/413/379
f 378/412/378 383/417/383 384/418/384
f 384/418/384 385/419/385 379/413/379
f 379/413/379 386/420/386 377/411/377
f 379/413/379 385/419/385 386/420/386
f 377/411/377 387/421/387 375/409/375
f 377/411/377 386/420/386 387/421/387
f 386/420/386 385/419/385 388/422/388
f 386/420/386 388/422/388 387/421/387
f 385/419/385 389/423/389 388/422/388
f 375/409/375 390/424/390 373/407/373
f 375/409/375 387/421/387 390/424/390
f 373/407/373 391/425/391 371/405/371
f 373/407/373 390/424/390 391/425/391
f 371/405/371 392/426/392 369/403/369
f 371/405/371 391/425/391 392/426/392
f 381/415/381 380/414/380 393/427/393
f 387/421/387 388/422/388 394/428/394
f 387/421/387 395/429/395 390/424/390
f 387/421/387 394/428/394 395/429/395
f 390/424/390 396/430/396 391/425/391
f 390/424/390 395/429/395 396/430/396
f 391/425/391 397/431/397 392/426/392
f 391/425/391 396/430/396 397/431/397
f 388/422/388 389/423/389 398/432/398
f 398/432/398 399/433/399 388/422/388
f 388/422/388 399/433/399 394/428/394
f 394/428/394 400/434/400 395/429/395
f 394/428/394 399/433/399 400/434/400
f 400/434/400 401/435/401 395/429/395
f 395/429/395 401/435/401 396/430/396
f 396/430/396 402/436/402 397/431/397
f 396/430/396 401/435/401 402/436/402
f 398/432/398 389/423/389 403/437/403
f 392/426/392 404/438/404 369/403/369
f 369/403/369 404/438/404 346/380/346
f 346/380/346 404/438/404 347/381/347
f 404/438/404 392/426/392 405/439/405
f 392/426/392 397/431/397 405/439/405
f 404/438/404 405/439/405 347/381/347
f 347/381/347 405/439/405 406/440/406
f 405/439/405 397/431/397 407/441/407
f 397/431/397 402/436/402 407/441/407
f 405/439/405 407/441/407 406/440/406
f 406/440/406 407/441/407 408/442/408
f 407/441/407 402/436/402 409/443/409
f 407/441/407 409/443/409 408/442/408
f 408/442/408 409/443/409 410/444/410
f 393/427/393 380/414/380 411/445/411
f 393/427/393 411/445/411 412/446/412
f 412/446/412 411/445/411 413/447/413
f 411/445/411 380/414/380 414/448/414
f 411/445/411 415/449/415 413/447/413
f 411/445/411 414/448/414 415/449/415
f 413/447/413 415/449/415 416/450/416
f 415/449/415 414/448/414 417/451/417
f 415/449/415 418/452/418 416/450/416
f 415/449/415 417/451/417 419/453/419
f 415/449/415 419/453/419 418/452/418
f 417/451/417 414/448/414 420/454/420
f 417/451/417 421/455/421 419/453/419
f 417/451/417 420/454/420 421/455/421
f 420/454/420 414/448/414 422/456/422
f 420/454/420 423/457/423 421/455/421
f 420/454/420 422/456/422 424/458/424
f 420/454/420 424/458/424 423/457/423
f 422/456/422 414/448/414 425/459/425
f 422/456/422 425/459/425 424/458/424
f 414/448/414 380/414/380 426/460/426
f 414/448/414 426/460/426 425/459/425
f 380/414/380 353/387/353 426/460/426
f 426/460/426 344/378/344 425/459/425
f 426/460/426 353/387/353 344/378/344
f 344/378/344 345/379/345 425/459/425
f 425/459/425 345/379/345 424/458/424
f 424/458/424 427/461/427 423/457/423
f 424/458/424 345/379/345 427/461/427
f 345/379/345 331/365/331 427/461/427
f 423/457/423 428/462/428 421/455/421
f 423/457/423 427/461/427 429/463/429
f 423/457/423 429/463/429 428/462/428
f 427/461/427 331/365/331 430/464/430
f 427/461/427 430/464/430 429/463/429
f 421/455/421 431/465/431 419/453/419
f 421/455/421 428/462/428 432/466/432
f 421/455/421 432/466/432 431/465/431
f 419/453/419 433/467/433 418/452/418
f 419/453/419 431/465/431 434/468/434
f 419/453/419 434/468/434 433/467/433
f 428/462/428 429/463/429 435/469/435
f 428/462/428 436/470/436 432/466/432
f 428/462/428 435/469/435 436/470/436
f 418/452/418 437/471/437 416/450/416
f 416/450/416 437/471/437 438/472/438
f 418/452/418 433/467/433 439/473/439
f 418/452/418 439/473/439 437/471/437
f 431/465/431 440/474/440 434/468/434
f 434/468/434 441/475/441 433/467/433
f 434/468/434 440/474/440 441/475/441
f 431/465/431 432/466/432 442/476/442
f 431/465/431 442/476/442 440/474/440
f 432/466/432 436/470/436 443/477/443
f 432/466/432 443/477/443 442/476/442
f 429/463/429 430/464/430 444/478/444
f 429/463/429 445/479/445 435/469/435
f 429/463/429 444/478/444 445/479/445
f 435/469/435 446/480/446 436/470/436
f 435/469/435 445/479/445 446/480/446
f 436/470/436 447/481/447 443/477/443
f 436/470/436 446/480/446 447/481/447
f 437/471/437 448/482/448 438/472/438
f 438/472/438 448/482/448 449/483/449
f 449/483/449 448/482/448 450/484/450
f 437/471/437 439/473/439 451/485/451
f 437/471/437 451/485/451 448/482/448
f 433/467/433 452/486/452 453/487/453
f 433/467/433 441/475/441 452/486/452
f 433/467/433 453/487/453 439/473/439
f 439/473/439 454/488/454 451/485/451
f 439/473/439 453/487/453 454/488/454
f 453/487/453 452/486/452 455/489/455
f 453/487/453 455/489/455 454/488/454
f 452/486/452 441/475/441 456/490/456
f 452/486/452 456/490/456 455/489/455
f 441/475/441 440/474/440 457/491/457
f 441/475/441 457/491/457 456/490/456
f 456/490/456 458/492/458 455/489/455
f 456/490/456 457/491/457 458/492/458
f 440/474/440 442/476/442 459/493/459
f 440/474/440 459/493/459 457/491/457
f 457/491/457 460/494/460 458/492/458
f 457/491/457 459/493/459 460/494/460
f 442/476/442 443/477/443 461/495/461
f 442/476/442 461/495/461 459/493/459
f 459/493/459 462/496/462 460/494/460
f 459/493/459 461/495/461 462/496/462
f 443/477/443 447/481/447 463/497/463
f 443/477/443 463/497/463 461/495/461
f 461/495/461 464/498/464 462/496/462
f 461/495/461 463/497/463 464/498/464
f 447/481/447 446/480/446 465/499/465
f 447/481/447 465/499/465 463/497/463
f 463/497/463 466/500/466 464/498/464
f 463/497/463 465/499/465 466/500/466
f 448/482/448 467/501/467 450/484/450
f 450/484/450 467/501/467 468/502/468
f 448/482/448 451/485/451 469/503/469
f 448/482/448 469/503/469 467/501/467
f 451/485/451 454/488/454 470/504/470
f 451/485/451 470/504/470 469/503/469
f 454/488/454 455/489/455 471/505/471
f 454/488/454 471/505/471 470/504/470
f 455/489/455 458/492/458 472/506/472
f 455/489/455 472/506/472 471/505/471
f 458/492/458 460/494/460 473/507/473
f 458/492/458 473/507/473 472/506/472
f 460/494/460 462/496/462 474/508/474
f 460/494/460 474/508/474 473/507/473
f 462/496/462 464/498/464 475/509/475
f 462/496/462 475/509/475 474/508/474
f 464/498/464 466/500/466 476/510/476
f 464/498/464 476/510/476 475/509/475
f 466/500/466 465/499/465 477/511/477
f 466/500/466 477/511/477 476/510/476
f 467/501/467 478/512/478 468/502/468
f 467/501/467 469/503/469 479/513/479
f 467/501/467 479/513/479 478/512/478
f 469/503/469 470/504/470 480/514/480
f 469/503/469 480/514/480 479/513/479
f 470/504/470 471/505/471 481/515/481
f 470/504/470 481/515/481 480/514/480
f 471/505/471 472/506/472 482/516/482
f 471/505/471 482/516/482 481/515/481
f 472/506/472 473/507/473 483/517/483
f 472/506/472 483/517/483 482/516/482
f 473/507/473 474/508/474 484/518/484
f 473/507/473 484/518/484 483/517/483
f 474/508/474 475/509/475 485/519/485
f 474/508/474 485/519/485 484/518/484
f 475/509/475 476/510/476 486/520/486
f 475/509/475 486/520/486 485/519/485
f 476/510/476 477/511/477 487/521/487
f 476/510/476 487/521/487 486/520/486
f 478/512/478 488/522/488 468/502/468
f 468/502/468 488/522/488 489/523/489
f 478/512/478 479/513/479 490/524/490
f 478/512/478 490/524/490 488/522/488
f 479/513/479 480/514/480 491/525/491
f 479/513/479 491/525/491 490/524/490
f 480/514/480 481/515/481 492/526/492
f 480/514/480 492/526/492 491/525/491
f 481/515/481 482/516/482 493/527/493
f 481/515/481 493/527/493 492/526/492
f 482/516/482 483/517/483 494/528/494
f 482/516/482 494/528/494 493/527/493
f 483/517/483 484/518/484 495/529/495
f 483/517/483 495/529/495 494/528/494
f 485/519/485 496/530/496 484/518/484
f 485/519/485 486/520/486 497/531/497
f 485/519/485 497/531/497 496/530/496
f 486/520/486 487/521/487 498/532/498
f 486/520/486 498/532/498 497/531/497
f 491/525/491 499/533/499 490/524/490
f 491/525/491 492/526/492 500/534/500
f 491/525/491 500/534/500 499/533/499
f 492/526/492 493/527/493 501/535/501
f 492/526/492 501/535/501 500/534/500
f 493/527/493 494/528/494 502/536/502
f 493/527/493 502/536/502 501/535/501
f 494/528/494 495/529/495 503/537/503
f 494/528/494 503/537/503 502/536/502
f 484/518/484 504/538/504 505/539/505
f 484/518/484 496/530/496 504/538/504
f 484/518/484 505/539/505 495/529/495
f 495/529/495 506/540/506 503/537/503
f 495/529/495 505/539/505 506/540/506
f 487/521/487 477/511/477 507/541/507
f 487/521/487 508/542/508 498/532/498
f 487/521/487 507/541/507 508/542/508
f 507/541/507 477/511/477 509/543/509
f 507/541/507 509/543/509 508/542/508
f 497/531/497 510/544/510 496/530/496
f 496/530/496 511/545/511 504/538/504
f 496/530/496 510/544/510 511/545/511
f 511/545/511 512/546/512 504/538/504
f 504/538/504 513/547/513 505/539/505
f 504/538/504 512/546/512 513/547/513
f 513/547/513 514/548/514 505/539/505
f 505/539/505 514/548/514 506/540/506
f 514/548/514 515/549/515 506/540/506
f 506/540/506 516/550/516 503/537/503
f 506/540/506 515/549/515 516/550/516
f 515/549/515 517/551/517 516/550/516
f 503/537/503 518/552/518 502/536/502
f 503/537/503 516/550/516 518/552/518
f 516/550/516 517/551/517 519/553/519
f 516/550/516 519/553/519 518/552/518
f 517/551/517 520/554/520 519/553/519
f 502/536/502 521/555/521 501/535/501
f 502/536/502 518/552/518 521/555/521
f 518/552/518 519/553/519 522/556/522
f 518/552/518 522/556/522 521/555/521
f 522/556/522 519/553/519 523/557/523
f 522/556/522 523/557/523 521/555/521
f 521/555/521 524/558/524 501/535/501
f 521/555/521 523/557/523 524/558/524
f 501/535/501 524/558/524 500/534/500
f 519/553/519 520/554/520 525/559/525
f 519/553/519 525/559/525 523/557/523
f 523/557/523 526/560/526 524/558/524
f 523/557/523 525/559/525 526/560/526
f 525/559/525 520/554/520 527/561/527
f 525/559/525 527/561/527 526/560/526
f 520/554/520 528/562/528 527/561/527
f 524/558/524 529/563/529 500/534/500
f 524/558/524 526/560/526 529/563/529
f 526/560/526 527/561/527 530/564/530
f 526/560/526 530/564/530 529/563/529
f 527/561/527 528/562/528 531/565/531
f 527/561/527 531/565/531 530/564/530
f 528/562/528 532/566/532 531/565/531
f 500/534/500 529/563/529 499/533/499
f 529/563/529 530/564/530 533/567/533
f 529/563/529 533/567/533 499/533/499
f 530/564/530 531/565/531 402/568/402
f 530/564/530 402/568/402 533/567/533
f 402/568/402 531/565/531 409/569/409
f 531/565/531 532/566/532 409/569/409
f 409/569/409 532/566/532 410/570/410
f 402/568/402 401/571/401 533/567/533
f 533/567/533 534/572/534 499/533/499
f 533/567/533 401/571/401 534/572/534
f 401/571/401 400/573/400 534/572/534
f 499/533/499 534/572/534 490/524/490
f 534/572/534 400/573/400 535/574/535
f 534/572/534 535/574/535 490/524/490
f 490/524/490 535/574/535 488/522/488
f 535/574/535 400/573/400 399/575/399
f 535/574/535 399/575/399 488/522/488
f 399/575/399 398/576/398 488/522/488
f 488/522/488 398/576/398 489/523/489
f 489/523/489 398/576/398 403/577/403
f 310/342/310 536/578/536 331/365/331
f 331/365/331 536/578/536 430/464/430
f 310/342/310 144/343/144 536/578/536
f 536/578/536 148/579/148 430/464/430
f 536/578/536 144/343/144 148/579/148
f 148/579/148 140/580/140 430/464/430
f 140/580/140 231/581/231 430/464/430
f 430/464/430 231/581/231 444/478/444
f 231/581/231 224/582/224 444/478/444
f 444/478/444 224/582/224 445/479/445
f 224/582/224 215/583/215 445/479/445
f 445/479/445 215/583/215 537/584/537
f 215/583/215 213/585/213 537/584/537
f 445/479/445 537/584/537 446/480/446
f 537/584/537 213/585/213 538/586/538
f 537/584/537 538/586/538 446/480/446
f 446/480/446 538/586/538 539/587/539
f 446/480/446 539/587/539 465/499/465
f 538/586/538 213/585/213 540/588/540
f 213/585/213 216/589/216 540/588/540
f 538/586/538 541/590/541 539/587/539
f 538/586/538 540/588/540 541/590/541
f 539/587/539 542/591/542 465/499/465
f 539/587/539 541/590/541 542/591/542
f 540/588/540 216/589/216 299/592/299
f 299/592/299 277/593/277 540/588/540
f 540/588/540 277/593/277 541/590/541
f 541/590/541 543/594/543 542/591/542
f 541/590/541 277/593/277 543/594/543
f 277/593/277 273/595/273 543/594/543
f 299/592/299 216/589/216 123/596/123
f 543/594/543 544/597/544 542/591/542
f 543/594/543 273/595/273 545/598/545
f 543/594/543 545/598/545 544/597/544
f 273/595/273 270/599/270 545/598/545
f 542/591/542 546/600/546 465/499/465
f 465/499/465 546/600/546 477/511/477
f 477/511/477 546/600/546 509/543/509
f 542/591/542 544/597/544 509/543/509
f 542/591/542 509/543/509 546/600/546
f 545/598/545 270/599/270 547/601/547
f 270/599/270 267/602/267 547/601/547
f 545/598/545 548/603/548 544/597/544
f 545/598/545 547/601/547 548/603/548
f 544/597/544 549/604/549 509/543/509
f 544/597/544 548/603/548 549/604/549
f 509/543/509 549/604/549 508/542/508
f 549/604/549 548/603/548 550/605/550
f 549/604/549 550/605/550 508/542/508
f 550/605/550 548/603/548 551/606/551
f 548/603/548 547/601/547 551/606/551
f 551/606/551 547/601/547 552/607/552
f 547/601/547 267/602/267 552/607/552
f 552/607/552 267/602/267 266/608/266
f 550/605/550 553/609/553 508/542/508
f 508/542/508 553/609/553 498/532/498
f 553/609/553 554/610/554 498/532/498
f 498/532/498 554/610/554 497/531/497
f 497/531/497 554/610/554 510/544/510
f 266/611/266 268/612/268 555/613/555
f 555/613/555 268/612/268 556/614/556
f 268/612/268 271/615/271 556/614/556
f 555/613/555 556/614/556 557/616/557
f 556/614/556 271/615/271 558/617/558
f 556/614/556 559/618/559 557/616/557
f 556/614/556 558/617/558 559/618/559
f 557/616/557 559/618/559 560/619/560
f 558/617/558 271/615/271 561/620/561
f 271/615/271 275/621/275 561/620/561
f 275/621/275 284/622/284 561/620/561
f 558/617/558 562/623/562 559/618/559
f 558/617/558 561/620/561 562/623/562
f 559/618/559 563/624/563 560/619/560
f 559/618/559 562/623/562 563/624/563
f 560/619/560 563/624/563 564/625/564
f 561/620/561 284/622/284 565/626/565
f 284/622/284 286/627/286 565/626/565
f 561/620/561 566/628/566 562/623/562
f 561/620/561 565/626/565 566/628/566
f 562/623/562 567/629/567 563/624/563
f 562/623/562 566/628/566 567/629/567
f 563/624/563 568/630/568 564/625/564
f 563/624/563 567/629/567 568/630/568
f 564/625/564 568/630/568 569/631/569
f 565/626/565 286/627/286 570/632/570
f 286/627/286 294/633/294 570/632/570
f 565/626/565 571/634/571 566/628/566
f 565/626/565 570/632/570 571/634/571
f 566/628/566 572/635/572 567/629/567
f 566/628/566 571/634/571 572/635/572
f 571/634/571 570/632/570 573/636/573
f 571/634/571 573/636/573 572/635/572
f 567/629/567 574/637/574 568/630/568
f 567/629/567 572/635/572 574/637/574
f 572/635/572 573/636/573 575/638/575
f 572/635/572 575/638/575 574/637/574
f 573/636/573 570/632/570 576/639/576
f 573/636/573 576/639/576 575/638/575
f 570/632/570 294/633/294 577/640/577
f 570/632/570 577/640/577 576/639/576
f 294/633/294 303/641/303 577/640/577
f 568/630/568 578/642/578 569/631/569
f 568/630/568 574/637/574 578/642/578
f 574/637/574 575/638/575 579/643/579
f 574/637/574 579/643/579 578/642/578
f 575/638/575 576/639/576 580/644/580
f 575/638/575 580/644/580 579/643/579
f 576/639/576 577/640/577 581/645/581
f 576/639/576 581/645/581 580/644/580
f 577/640/577 303/641/303 582/646/582
f 577/640/577 582/646/582 581/645/581
f 303/641/303 312/647/312 582/646/582
f 582/646/582 583/648/583 581/645/581
f 582/646/582 312/647/312 583/648/583
f 312/647/312 313/649/313 583/648/583
f 569/631/569 578/642/578 584/650/584
f 578/642/578 579/643/579 585/651/585
f 578/642/578 585/651/585 584/650/584
f 579/643/579 580/644/580 586/652/586
f 579/643/579 586/652/586 585/651/585
f 580/644/580 581/645/581 587/653/587
f 580/644/580 587/653/587 586/652/586
f 581/645/581 583/648/583 588/654/588
f 581/645/581 588/654/588 587/653/587
f 583/648/583 313/649/313 589/655/589
f 583/648/583 589/655/589 588/654/588
f 588/654/588 590/656/590 587/653/587
f 588/654/588 589/655/589 590/656/590
f 589/655/589 313/649/313 591/657/591
f 589/655/589 591/657/591 590/656/590
f 313/649/313 316/658/316 591/657/591
f 587/653/587 592/659/592 586/652/586
f 587/653/587 590/656/590 592/659/592
f 590/656/590 591/657/591 593/660/593
f 590/656/590 593/660/593 592/659/592
f 591/657/591 316/658/316 594/661/594
f 591/657/591 594/661/594 593/660/593
f 316/658/316 324/662/324 594/661/594
f 586/652/586 595/663/595 585/651/585
f 586/652/586 592/659/592 595/663/595
f 592/659/592 593/660/593 596/664/596
f 592/659/592 596/664/596 595/663/595
f 593/660/593 594/661/594 597/665/597
f 593/660/593 597/665/597 596/664/596
f 585/651/585 598/666/598 584/650/584
f 585/651/585 595/663/595 598/666/598
f 595/663/595 596/664/596 599/667/599
f 595/663/595 599/667/599 598/666/598
f 596/664/596 597/665/597 600/668/600
f 596/664/596 600/668/600 599/667/599
f 597/665/597 594/661/594 601/669/601
f 597/665/597 601/669/601 600/668/600
f 594/661/594 324/662/324 602/670/602
f 594/661/594 602/670/602 601/669/601
f 601/669/601 603/671/603 600/668/600
f 601/669/601 602/670/602 603/671/603
f 600/668/600 604/672/604 599/667/599
f 600/668/600 603/671/603 604/672/604
f 599/667/599 605/673/605 598/666/598
f 599/667/599 604/672/604 605/673/605
f 598/666/598 606/674/606 584/650/584
f 598/666/598 605/673/605 606/674/606
f 606/674/606 605/673/605 607/675/607
f 605/673/605 604/672/604 608/676/608
f 605/673/605 608/676/608 607/675/607
f 607/675/607 608/676/608 609/677/609
f 604/672/604 603/671/603 610/678/610
f 604/672/604 610/678/610 608/676/608
f 608/676/608 611/679/611 609/677/609
f 608/676/608 610/678/610 611/679/611
f 609/677/609 611/679/611 612/680/612
f 603/671/603 602/670/602 613/681/613
f 603/671/603 613/681/613 610/678/610
f 610/678/610 614/682/614 611/679/611
f 610/678/610 613/681/613 614/682/614
f 611/679/611 615/683/615 612/680/612
f 611/679/611 614/682/614 615/683/615
f 614/682/614 613/681/613 406/684/406
f 614/682/614 406/684/406 615/683/615
f 406/684/406 613/681/613 347/685/347
f 347/685/347 613/681/613 335/686/335
f 335/686/335 602/670/602 324/662/324
f 602/670/602 335/686/335 613/681/613
f 406/684/406 408/687/408 615/683/615
f 408/687/408 410/688/410 615/683/615
f 615/683/615 616/689/616 612/680/612
f 616/689/616 615/683/615 410/688/410
f 266/690/266 555/691/555 552/692/552
f 552/692/552 555/691/555 617/693/617
f 555/691/555 557/694/557 617/693/617
f 552/692/552 617/693/617 551/695/551
f 617/693/617 557/694/557 618/696/618
f 557/694/557 560/697/560 618/696/618
f 617/693/617 619/698/619 551/695/551
f 617/693/617 618/696/618 619/698/619
f 618/696/618 560/697/560 620/699/620
f 560/697/560 564/700/564 620/699/620
f 618/696/618 621/701/621 619/698/619
f 618/696/618 620/699/620 621/701/621
f 619/698/619 622/702/622 551/695/551
f 619/698/619 621/701/621 622/702/622
f 551/695/551 622/702/622 550/703/550
f 550/703/550 622/702/622 553/704/553
f 620/699/620 564/700/564 623/705/623
f 564/700/564 569/706/569 623/705/623
f 620/699/620 624/707/624 621/701/621
f 620/699/620 623/705/623 624/707/624
f 621/701/621 625/708/625 622/702/622
f 621/701/621 624/707/624 625/708/625
f 622/702/622 626/709/626 553/704/553
f 622/702/622 625/708/625 626/709/626
f 553/704/553 626/709/626 554/710/554
f 623/705/623 569/706/569 627/711/627
f 569/706/569 584/712/584 627/711/627
f 623/705/623 628/713/628 624/707/624
f 623/705/623 627/711/627 628/713/628
f 624/707/624 629/714/629 625/708/625
f 624/707/624 628/713/628 629/714/629
f 625/708/625 630/715/630 626/709/626
f 625/708/625 629/714/629 630/715/630
f 626/709/626 631/716/631 554/710/554
f 626/709/626 630/715/630 631/716/631
f 630/715/630 629/714/629 632/717/632
f 630/715/630 632/717/632 631/716/631
f 629/714/629 628/713/628 633/718/633
f 629/714/629 633/718/633 632/717/632
f 632/717/632 634/719/634 631/716/631
f 632/717/632 633/718/633 634/719/634
f 628/713/628 627/711/627 635/720/635
f 628/713/628 635/720/635 633/718/633
f 633/718/633 636/721/636 634/719/634
f 633/718/633 635/720/635 636/721/636
f 627/711/627 584/712/584 637/722/637
f 627/711/627 637/722/637 635/720/635
f 635/720/635 638/723/638 636/721/636
f 635/720/635 637/722/637 638/723/638
f 554/710/554 631/716/631 510/724/510
f 631/716/631 634/719/634 639/725/639
f 631/716/631 639/725/639 510/724/510
f 510/724/510 639/725/639 511/726/511
f 634/719/634 636/721/636 640/727/640
f 634/719/634 640/727/640 639/725/639
f 639/725/639 641/728/641 511/726/511
f 639/725/639 640/727/640 641/728/641
f 511/726/511 641/728/641 512/729/512
f 641/728/641 640/727/640 642/730/642
f 641/728/641 642/730/642 512/729/512
f 512/729/512 642/730/642 513/731/513
f 636/721/636 638/723/638 643/732/643
f 636/721/636 643/732/643 640/727/640
f 640/727/640 644/733/644 642/730/642
f 640/727/640 643/732/643 644/733/644
f 642/730/642 645/734/645 513/731/513
f 642/730/642 644/733/644 645/734/645
f 644/733/644 643/732/643 646/735/646
f 644/733/644 646/735/646 645/734/645
f 645/734/645 647/736/647 513/731/513
f 645/734/645 646/735/646 647/736/647
f 513/731/513 647/736/647 514/737/514
f 643/732/643 638/723/638 648/738/648
f 643/732/643 648/738/648 646/735/646
f 646/735/646 649/739/649 647/736/647
f 646/735/646 648/738/648 649/739/649
f 647/736/647 650/740/650 514/737/514
f 647/736/647 649/739/649 650/740/650
f 514/737/514 650/740/650 515/741/515
f 638/723/638 637/722/637 651/742/651
f 638/723/638 651/742/651 648/738/648
f 648/738/648 652/743/652 649/739/649
f 648/738/648 651/742/651 652/743/652
f 649/739/649 653/744/653 650/740/650
f 649/739/649 652/743/652 653/744/653
f 637/722/637 584/712/584 654/745/654
f 637/722/637 654/745/654 651/742/651
f 651/742/651 655/746/655 652/743/652
f 651/742/651 654/745/654 655/746/655
f 652/743/652 656/747/656 653/744/653
f 652/743/652 655/746/655 656/747/656
f 653/744/653 657/748/657 650/740/650
f 653/744/653 656/747/656 657/748/657
f 650/740/650 658/749/658 515/741/515
f 650/740/650 657/748/657 658/749/658
f 657/748/657 656/747/656 659/750/659
f 657/748/657 659/750/659 658/749/658
f 656/747/656 655/746/655 660/751/660
f 656/747/656 660/751/660 659/750/659
f 655/746/655 654/745/654 661/752/661
f 655/746/655 661/752/661 660/751/660
f 654/745/654 584/712/584 606/753/606
f 654/745/654 606/753/606 661/752/661
f 606/753/606 607/754/607 661/752/661
f 661/752/661 662/755/662 660/751/660
f 661/752/661 607/754/607 662/755/662
f 607/754/607 609/756/609 662/755/662
f 660/751/660 663/757/663 659/750/659
f 660/751/660 662/755/662 663/757/663
f 662/755/662 609/756/609 664/758/664
f 662/755/662 664/758/664 663/757/663
f 609/756/609 612/759/612 664/758/664
f 659/750/659 665/760/665 658/749/658
f 659/750/659 663/757/663 665/760/665
f 663/757/663 664/758/664 666/761/666
f 663/757/663 666/761/666 665/760/665
f 664/758/664 612/759/612 667/762/667
f 664/758/664 667/762/667 666/761/666
f 666/761/666 528/763/528 665/760/665
f 666/761/666 667/762/667 528/763/528
f 528/763/528 520/764/520 665/760/665
f 665/760/665 517/765/517 658/749/658
f 517/765/517 515/741/515 658/749/658
f 517/765/517 665/760/665 520/764/520
f 528/763/528 667/762/667 532/766/532
f 532/766/532 667/762/667 410/767/410
f 410/767/410 667/762/667 616/768/616
f 616/768/616 667/762/667 612/759/612
f 381/769/381 668/770/668 382/771/382
f 381/769/381 393/772/393 668/770/668
f 668/770/668 669/773/669 382/771/382
f 382/771/382 669/773/669 383/774/383
f 668/770/668 393/772/393 670/775/670
f 393/772/393 412/776/412 670/775/670
f 412/776/412 671/777/671 670/775/670
f 668/770/668 672/778/672 669/773/669
f 668/770/668 670/775/670 672/778/672
f 670/775/670 671/777/671 673/779/673
f 670/775/670 673/779/673 672/778/672
f 671/777/671 674/780/674 673/779/673
f 669/773/669 675/781/675 383/774/383
f 669/773/669 672/778/672 676/782/676
f 669/773/669 676/782/676 675/781/675
f 672/778/672 673/779/673 677/783/677
f 672/778/672 677/783/677 676/782/676
f 673/779/673 674/780/674 678/784/678
f 673/779/673 678/784/678 677/783/677
f 674/780/674 679/785/679 678/784/678
f 679/785/679 680/786/680 678/784/678
f 678/784/678 681/787/681 677/783/677
f 678/784/678 680/786/680 681/787/681
f 680/786/680 682/788/682 681/787/681
f 676/782/676 683/789/683 675/781/675
f 676/782/676 677/783/677 684/790/684
f 676/782/676 684/790/684 683/789/683
f 677/783/677 681/787/681 685/791/685
f 677/783/677 685/791/685 684/790/684
f 681/787/681 682/788/682 686/792/686
f 681/787/681 686/792/686 685/791/685
f 682/788/682 687/793/687 686/792/686
f 687/793/687 688/794/688 686/792/686
f 686/792/686 689/795/689 685/791/685
f 686/792/686 688/794/688 689/795/689
f 688/794/688 690/796/690 689/795/689
f 685/791/685 691/797/691 684/790/684
f 685/791/685 689/795/689 691/797/691
f 689/795/689 690/796/690 692/798/692
f 689/795/689 692/798/692 691/797/691
f 690/796/690 693/799/693 692/798/692
f 684/790/684 694/800/694 683/789/683
f 684/790/684 691/797/691 694/800/694
f 691/797/691 692/798/692 695/801/695
f 691/797/691 695/801/695 694/800/694
f 694/800/694 696/802/696 683/789/683
f 694/800/694 695/801/695 696/802/696
f 683/789/683 697/803/697 675/781/675
f 683/789/683 696/802/696 697/803/697
f 675/781/675 698/804/698 383/774/383
f 675/781/675 697/803/697 698/804/698
f 383/774/383 698/804/698 384/805/384
f 692/798/692 693/799/693 699/806/699
f 692/798/692 699/806/699 695/801/695
f 695/801/695 700/807/700 696/802/696
f 695/801/695 699/806/699 700/807/700
f 696/802/696 701/808/701 697/803/697
f 696/802/696 700/807/700 701/808/701
f 697/803/697 702/809/702 698/804/698
f 697/803/697 701/808/701 702/809/702
f 698/804/698 703/810/703 384/805/384
f 698/804/698 702/809/702 703/810/703
f 384/805/384 703/810/703 385/811/385
f 385/811/385 703/810/703 389/812/389
f 703/810/703 702/809/702 704/813/704
f 703/810/703 704/813/704 389/812/389
f 389/812/389 704/813/704 403/814/403
f 702/809/702 701/808/701 705/815/705
f 702/809/702 705/815/705 704/813/704
f 704/813/704 706/816/706 403/814/403
f 704/813/704 705/815/705 706/816/706
f 693/799/693 707/817/707 699/806/699
f 699/806/699 708/818/708 700/807/700
f 699/806/699 707/817/707 708/818/708
f 707/817/707 709/819/709 708/818/708
f 700/807/700 710/820/710 701/808/701
f 700/807/700 708/818/708 710/820/710
f 708/818/708 709/819/709 711/821/711
f 708/818/708 711/821/711 710/820/710
f 709/819/709 712/822/712 711/821/711
f 701/808/701 713/823/713 705/815/705
f 701/808/701 710/820/710 713/823/713
f 710/820/710 711/821/711 714/824/714
f 710/820/710 714/824/714 713/823/713
f 711/821/711 712/822/712 715/825/715
f 711/821/711 715/825/715 714/824/714
f 712/822/712 716/826/716 715/825/715
f 716/826/716 717/827/717 715/825/715
f 715/825/715 718/828/718 714/824/714
f 715/825/715 717/827/717 718/828/718
f 705/815/705 719/829/719 706/816/706
f 705/815/705 713/823/713 719/829/719
f 713/823/713 714/824/714 720/830/720
f 713/823/713 720/830/720 719/829/719
f 714/824/714 718/828/718 721/831/721
f 714/824/714 721/831/721 720/830/720
f 721/831/721 718/828/718 722/832/722
f 721/831/721 722/832/722 720/830/720
f 720/830/720 723/833/723 719/829/719
f 720/830/720 722/832/722 723/833/723
f 719/829/719 724/834/724 706/816/706
f 719/829/719 723/833/723 724/834/724
f 706/816/706 725/835/725 403/814/403
f 706/816/706 724/834/724 725/835/725
f 403/814/403 725/835/725 489/836/489
f 718/828/718 717/827/717 726/837/726
f 718/828/718 726/837/726 722/832/722
f 717/827/717 727/838/727 726/837/726
f 727/838/727 728/839/728 726/837/726
f 726/837/726 729/840/729 722/832/722
f 726/837/726 728/839/728 729/840/729
f 728/839/728 730/841/730 729/840/729
f 722/832/722 731/842/731 723/833/723
f 722/832/722 729/840/729 731/842/731
f 729/840/729 730/841/730 732/843/732
f 729/840/729 732/843/732 731/842/731
f 730/841/730 733/844/733 732/843/732
f 723/833/723 734/845/734 724/834/724
f 723/833/723 731/842/731 734/845/734
f 731/842/731 732/843/732 735/846/735
f 731/842/731 735/846/735 734/845/734
f 732/843/732 733/844/733 736/847/736
f 732/843/732 736/847/736 735/846/735
f 733/844/733 737/848/737 736/847/736
f 724/834/724 738/849/738 725/835/725
f 724/834/724 734/845/734 738/849/738
f 725/835/725 739/850/739 489/836/489
f 725/835/725 738/849/738 739/850/739
f 489/836/489 739/850/739 468/851/468
f 468/851/468 739/850/739 450/852/450
f 739/850/739 738/849/738 740/853/740
f 739/850/739 740/853/740 450/852/450
f 450/852/450 740/853/740 449/854/449
f 738/849/738 734/845/734 741/855/741
f 738/849/738 741/855/741 740/853/740
f 740/853/740 742/856/742 449/854/449
f 740/853/740 741/855/741 742/856/742
f 734/845/734 735/846/735 743/857/743
f 734/845/734 743/857/743 741/855/741
f 741/855/741 744/858/744 742/856/742
f 741/855/741 743/857/743 744/858/744
f 735/846/735 736/847/736 745/859/745
f 735/846/735 745/859/745 743/857/743
f 743/857/743 746/860/746 744/858/744
f 743/857/743 745/859/745 746/860/746
f 736/847/736 737/848/737 747/861/747
f 736/847/736 747/861/747 745/859/745
f 745/859/745 748/862/748 746/860/746
f 745/859/745 747/861/747 748/862/748
f 746/860/746 749/863/749 744/858/744
f 746/860/746 748/862/748 749/863/749
f 744/858/744 750/864/750 742/856/742
f 744/858/744 749/863/749 750/864/750
f 742/856/742 751/865/751 449/854/449
f 742/856/742 750/864/750 751/865/751
f 449/854/449 751/865/751 438/866/438
f 737/848/737 752/867/752 747/861/747
f 747/861/747 753/868/753 748/862/748
f 747/861/747 752/867/752 753/868/753
f 752/867/752 754/869/754 753/868/753
f 748/862/748 755/870/755 749/863/749
f 748/862/748 753/868/753 755/870/755
f 753/868/753 754/869/754 756/871/756
f 753/868/753 756/871/756 755/870/755
f 754/869/754 687/872/687 756/871/756
f 687/872/687 682/873/682 756/871/756
f 756/871/756 757/874/757 755/870/755
f 756/871/756 682/873/682 757/874/757
f 682/873/682 680/875/680 757/874/757
f 755/870/755 758/876/758 749/863/749
f 749/863/749 758/876/758 750/864/750
f 755/870/755 757/874/757 758/876/758
f 757/874/757 680/875/680 759/877/759
f 757/874/757 759/877/759 758/876/758
f 680/875/680 679/878/679 759/877/759
f 679/878/679 674/879/674 759/877/759
f 759/877/759 760/880/760 758/876/758
f 759/877/759 674/879/674 760/880/760
f 674/879/674 671/881/671 760/880/760
f 758/876/758 761/882/761 750/864/750
f 750/864/750 761/882/761 751/865/751
f 758/876/758 760/880/760 761/882/761
f 760/880/760 671/881/671 762/883/762
f 760/880/760 762/883/762 761/882/761
f 761/882/761 763/884/763 751/865/751
f 751/865/751 763/884/763 438/866/438
f 761/882/761 762/883/762 763/884/763
f 438/866/438 763/884/763 416/885/416
f 416/885/416 763/884/763 413/886/413
f 763/884/763 762/883/762 413/886/413
f 413/886/413 762/883/762 412/887/412
f 412/887/412 762/883/762 671/881/671
f 764/888/764 765/889/765 766/890/766
f 764/888/764 767/891/767 765/889/765
f 765/889/765 768/892/768 766/890/766
f 766/890/766 768/892/768 769/893/769
f 765/889/765 767/891/767 770/894/770
f 767/891/767 771/895/771 770/894/770
f 765/889/765 772/896/772 768/892/768
f 765/889/765 770/894/770 772/896/772
f 768/892/768 773/897/773 769/893/769
f 768/892/768 772/896/772 773/897/773
f 770/894/770 771/895/771 774/898/774
f 770/894/770 775/899/775 772/896/772
f 770/894/770 774/898/774 775/899/775
f 772/896/772 776/900/776 773/897/773
f 772/896/772 775/899/775 776/900/776
f 773/897/773 777/901/777 769/893/769
f 773/897/773 776/900/776 777/901/777
f 775/899/775 774/898/774 778/902/778
f 775/899/775 779/903/779 776/900/776
f 775/899/775 778/902/778 779/903/779
f 776/900/776 780/904/780 777/901/777
f 776/900/776 779/903/779 780/904/780
f 777/901/777 781/905/781 769/893/769
f 777/901/777 780/904/780 781/905/781
f 781/905/781 782/906/782 769/893/769
f 781/905/781 780/904/780 782/906/782
f 774/898/774 771/895/771 783/907/783
f 774/898/774 784/908/784 778/902/778
f 774/898/774 783/907/783 784/908/784
f 779/903/779 785/909/785 780/904/780
f 779/903/779 778/902/778 786/910/786
f 779/903/779 786/910/786 785/909/785
f 778/902/778 784/908/784 787/911/787
f 778/902/778 787/911/787 786/910/786
f 782/906/782 788/912/788 769/893/769
f 782/906/782 780/904/780 789/913/789
f 782/906/782 789/913/789 788/912/788
f 780/904/780 785/909/785 790/914/790
f 780/904/780 790/914/790 789/913/789
f 784/908/784 783/907/783 791/915/791
f 784/908/784 792/916/792 787/911/787
f 784/908/784 791/915/791 792/916/792
f 786/910/786 793/917/793 785/909/785
f 785/909/785 794/918/794 790/914/790
f 785/909/785 793/917/793 794/918/794
f 786/910/786 787/911/787 795/919/795
f 786/910/786 795/919/795 793/917/793
f 787/911/787 792/916/792 796/920/796
f 787/911/787 796/920/796 795/919/795
f 788/912/788 797/921/797 769/893/769
f 769/893/769 797/921/797 798/922/798
f 788/912/788 789/913/789 799/923/799
f 788/912/788 799/923/799 797/921/797
f 797/921/797 800/924/800 798/922/798
f 797/921/797 799/923/799 800/924/800
f 798/922/798 800/924/800 801/925/801
f 801/925/801 800/924/800 802/926/802
f 800/924/800 799/923/799 803/927/803
f 800/924/800 803/927/803 802/926/802
f 802/926/802 803/927/803 804/928/804
f 799/923/799 789/913/789 805/929/805
f 789/913/789 790/914/790 805/929/805
f 799/923/799 805/929/805 803/927/803
f 803/927/803 806/930/806 804/928/804
f 803/927/803 805/929/805 806/930/806
f 805/929/805 790/914/790 807/931/807
f 790/914/790 794/918/794 807/931/807
f 805/929/805 807/931/807 806/930/806
f 804/928/804 806/930/806 808/932/808
f 806/930/806 807/931/807 809/933/809
f 806/930/806 809/933/809 808/932/808
f 808/932/808 809/933/809 810/934/810
f 807/931/807 794/918/794 811/935/811
f 807/931/807 811/935/811 809/933/809
f 809/933/809 812/936/812 810/934/810
f 809/933/809 811/935/811 812/936/812
f 794/918/794 793/917/793 813/937/813
f 794/918/794 813/937/813 811/935/811
f 811/935/811 814/938/814 812/936/812
f 811/935/811 813/937/813 814/938/814
f 793/917/793 795/919/795 815/939/815
f 793/917/793 815/939/815 813/937/813
f 813/937/813 816/940/816 814/938/814
f 813/937/813 815/939/815 816/940/816
f 795/919/795 796/920/796 817/941/817
f 795/919/795 817/941/817 815/939/815
f 815/939/815 818/942/818 816/940/816
f 815/939/815 817/941/817 818/942/818
f 818/942/818 819/943/819 816/940/816
f 818/942/818 817/941/817 819/943/819
f 817/941/817 796/920/796 820/944/820
f 817/941/817 820/944/820 819/943/819
f 816/940/816 821/945/821 814/938/814
f 816/940/816 819/943/819 821/945/821
f 814/938/814 822/946/822 812/936/812
f 814/938/814 821/945/821 822/946/822
f 812/936/812 823/947/823 810/934/810
f 812/936/812 822/946/822 823/947/823
f 810/934/810 823/947/823 824/948/824
f 824/948/824 823/947/823 825/949/825
f 823/947/823 822/946/822 826/950/826
f 823/947/823 826/950/826 825/949/825
f 825/949/825 826/950/826 827/951/827
f 822/946/822 821/945/821 828/952/828
f 822/946/822 828/952/828 826/950/826
f 826/950/826 829/953/829 827/951/827
f 826/950/826 828/952/828 829/953/829
f 827/951/827 829/953/829 830/954/830
f 821/945/821 819/943/819 831/955/831
f 821/945/821 831/955/831 828/952/828
f 828/952/828 832/956/832 829/953/829
f 828/952/828 831/955/831 832/956/832
f 829/953/829 833/957/833 830/954/830
f 829/953/829 832/956/832 833/957/833
f 830/954/830 833/957/833 834/958/834
f 819/943/819 820/944/820 835/959/835
f 819/943/819 836/960/836 831/955/831
f 819/943/819 835/959/835 836/960/836
f 836/960/836 837/961/837 831/955/831
f 836/960/836 835/959/835 837/961/837
f 831/955/831 838/962/838 832/956/832
f 831/955/831 837/961/837 838/962/838
f 832/956/832 839/963/839 833/957/833
f 832/956/832 838/962/838 839/963/839
f 838/962/838 837/961/837 840/964/840
f 838/962/838 840/964/840 839/963/839
f 833/957/833 841/965/841 834/958/834
f 833/957/833 839/963/839 841/965/841
f 839/963/839 840/964/840 842/966/842
f 839/963/839 842/966/842 841/965/841
f 834/958/834 841/965/841 843/967/843
f 841/965/841 842/966/842 844/968/844
f 841/965/841 844/968/844 843/967/843
f 843/967/843 844/968/844 845/969/845
f 840/964/840 837/961/837 846/970/846
f 840/964/840 847/971/847 842/966/842
f 840/964/840 846/970/846 847/971/847
f 842/966/842 848/972/848 844/968/844
f 842/966/842 847/971/847 848/972/848
f 844/968/844 849/973/849 845/969/845
f 844/968/844 848/972/848 849/973/849
f 845/969/845 849/973/849 850/974/850
f 837/961/837 835/959/835 851/975/851
f 837/961/837 852/976/852 846/970/846
f 837/961/837 851/975/851 852/976/852
f 847/971/847 846/970/846 853/977/853
f 846/970/846 852/976/852 854/978/854
f 846/970/846 854/978/854 853/977/853
f 847/971/847 855/979/855 848/972/848
f 847/971/847 853/977/853 855/979/855
f 848/972/848 856/980/856 849/973/849
f 848/972/848 855/979/855 856/980/856
f 849/973/849 857/981/857 850/974/850
f 849/973/849 856/980/856 857/981/857
f 850/974/850 857/981/857 858/982/858
f 857/981/857 856/980/856 859/983/859
f 857/981/857 859/983/859 858/982/858
f 856/980/856 855/979/855 860/984/860
f 856/980/856 860/984/860 859/983/859
f 859/983/859 861/985/861 858/982/858
f 859/983/859 860/984/860 861/985/861
f 855/979/855 853/977/853 862/986/862
f 855/979/855 862/986/862 860/984/860
f 860/984/860 863/987/863 861/985/861
f 860/984/860 862/986/862 863/987/863
f 861/985/861 864/988/864 858/982/858
f 861/985/861 863/987/863 864/988/864
f 864/988/864 865/989/865 858/982/858
f 864/988/864 863/987/863 865/989/865
f 863/987/863 862/986/862 866/990/866
f 863/987/863 866/990/866 865/989/865
f 865/989/865 867/991/867 858/982/858
f 865/989/865 866/990/866 867/991/867
f 862/986/862 853/977/853 868/992/868
f 853/977/853 854/978/854 868/992/868
f 862/986/862 868/992/868 866/990/866
f 866/990/866 869/993/869 867/991/867
f 866/990/866 868/992/868 869/993/869
f 868/992/868 854/978/854 870/994/870
f 868/992/868 870/994/870 869/993/869
f 854/978/854 852/976/852 871/995/871
f 854/978/854 871/995/871 870/994/870
f 852/976/852 851/975/851 872/996/872
f 852/976/852 872/996/872 871/995/871
f 851/975/851 835/959/835 873/997/873
f 851/975/851 873/997/873 872/996/872
f 867/991/867 874/998/874 858/982/858
f 867/991/867 869/993/869 874/998/874
f 869/993/869 870/994/870 875/999/875
f 869/993/869 875/999/875 874/998/874
f 874/998/874 876/1000/876 858/982/858
f 874/998/874 875/999/875 876/1000/876
f 876/1000/876 875/999/875 877/1001/877
f 875/999/875 870/994/870 878/1002/878
f 870/994/870 871/995/871 878/1002/878
f 875/999/875 878/1002/878 877/1001/877
f 877/1001/877 878/1002/878 879/1003/879
f 878/1002/878 871/995/871 880/1004/880
f 871/995/871 872/996/872 880/1004/880
f 878/1002/878 880/1004/880 879/1003/879
f 879/1003/879 880/1004/880 881/1005/881
f 880/1004/880 872/996/872 882/1006/882
f 872/996/872 873/997/873 882/1006/882
f 880/1004/880 882/1006/882 881/1005/881
f 873/997/873 835/959/835 883/1007/883
f 835/959/835 820/944/820 883/1007/883
f 873/997/873 884/1008/884 882/1006/882
f 873/997/873 883/1007/883 884/1008/884
f 882/1006/882 885/1009/885 881/1005/881
f 882/1006/882 884/1008/884 885/1009/885
f 883/1007/883 820/944/820 886/1010/886
f 820/944/820 796/920/796 886/1010/886
f 796/920/796 792/916/792 886/1010/886
f 883/1007/883 887/1011/887 884/1008/884
f 883/1007/883 886/1010/886 887/1011/887
f 886/1010/886 792/916/792 888/1012/888
f 886/1010/886 888/1012/888 887/1011/887
f 792/916/792 791/915/791 888/1012/888
f 884/1008/884 889/1013/889 885/1009/885
f 884/1008/884 887/1011/887 889/1013/889
f 887/1011/887 888/1012/888 890/1014/890
f 887/1011/887 890/1014/890 889/1013/889
f 888/1012/888 791/915/791 891/1015/891
f 888/1012/888 891/1015/891 890/1014/890
f 891/1015/891 791/915/791 892/1016/892
f 891/1015/891 892/1016/892 890/1014/890
f 890/1014/890 893/1017/893 889/1013/889
f 890/1014/890 892/1016/892 893/1017/893
f 889/1013/889 894/1018/894 885/1009/885
f 889/1013/889 893/1017/893 894/1018/894
f 885/1009/885 895/1019/895 881/1005/881
f 885/1009/885 894/1018/894 895/1019/895
f 892/1016/892 791/915/791 896/1020/896
f 892/1016/892 897/1021/897 893/1017/893
f 892/1016/892 896/1020/896 897/1021/897
f 893/1017/893 898/1022/898 894/1018/894
f 893/1017/893 897/1021/897 898/1022/898
f 894/1018/894 899/1023/899 895/1019/895
f 894/1018/894 898/1022/898 899/1023/899
f 897/1021/897 896/1020/896 900/1024/900
f 897/1021/897 901/1025/901 898/1022/898
f 897/1021/897 900/1024/900 901/1025/901
f 898/1022/898 902/1026/902 899/1023/899
f 898/1022/898 901/1025/901 902/1026/902
f 895/1019/895 903/1027/903 881/1005/881
f 881/1005/881 903/1027/903 879/1028/879
f 895/1019/895 899/1023/899 904/1029/904
f 895/1019/895 904/1029/904 903/1027/903
f 899/1023/899 902/1026/902 905/1030/905
f 899/1023/899 905/1030/905 904/1029/904
f 896/1020/896 791/915/791 906/1031/906
f 791/915/791 783/907/783 906/1031/906
f 896/1020/896 907/1032/907 900/1024/900
f 896/1020/896 906/1031/906 907/1032/907
f 901/1025/901 908/1033/908 909/1034/909
f 901/1025/901 909/1034/909 902/1026/902
f 901/1025/901 900/1024/900 908/1033/908
f 900/1024/900 907/1032/907 910/1035/910
f 900/1024/900 910/1035/910 908/1033/908
f 903/1027/903 911/1036/911 879/1028/879
f 879/1028/879 911/1036/911 877/1037/877
f 903/1027/903 904/1029/904 912/1038/912
f 903/1027/903 912/1038/912 911/1036/911
f 904/1029/904 905/1030/905 913/1039/913
f 904/1029/904 913/1039/913 912/1038/912
f 905/1030/905 902/1026/902 914/1040/914
f 905/1030/905 914/1040/914 913/1039/913
f 902/1026/902 909/1034/909 915/1041/915
f 902/1026/902 915/1041/915 914/1040/914
f 915/1041/915 909/1034/909 916/1042/916
f 915/1041/915 916/1042/916 914/1040/914
f 906/1031/906 783/907/783 917/1043/917
f 783/907/783 771/895/771 917/1043/917
f 906/1031/906 918/1044/918 907/1032/907
f 906/1031/906 917/1043/917 918/1044/918
f 907/1032/907 919/1045/919 910/1035/910
f 907/1032/907 918/1044/918 919/1045/919
f 908/1033/908 920/1046/920 909/1034/909
f 908/1033/908 910/1035/910 921/1047/921
f 908/1033/908 921/1047/921 920/1046/920
f 920/1046/920 922/1048/922 909/1034/909
f 920/1046/920 921/1047/921 922/1048/922
f 909/1034/909 923/1049/923 916/1042/916
f 909/1034/909 922/1048/922 923/1049/923
f 910/1035/910 919/1045/919 924/1050/924
f 910/1035/910 924/1050/924 921/1047/921
f 921/1047/921 925/1051/925 922/1048/922
f 921/1047/921 924/1050/924 925/1051/925
f 922/1048/922 926/1052/926 923/1049/923
f 922/1048/922 925/1051/925 926/1052/926
f 911/1036/911 927/1053/927 877/1037/877
f 877/1037/877 927/1053/927 876/1054/876
f 911/1036/911 912/1038/912 928/1055/928
f 911/1036/911 928/1055/928 927/1053/927
f 912/1038/912 913/1039/913 929/1056/929
f 912/1038/912 929/1056/929 928/1055/928
f 913/1039/913 914/1040/914 930/1057/930
f 913/1039/913 930/1057/930 929/1056/929
f 917/1043/917 771/895/771 931/1058/931
f 771/895/771 767/1059/767 931/1058/931
f 917/1043/917 932/1060/932 918/1044/918
f 917/1043/917 931/1058/931 932/1060/932
f 918/1044/918 933/1061/933 919/1045/919
f 918/1044/918 932/1060/932 933/1061/933
f 919/1045/919 934/1062/934 924/1050/924
f 919/1045/919 933/1061/933 934/1062/934
f 924/1050/924 935/1063/935 925/1051/925
f 924/1050/924 934/1062/934 935/1063/935
f 925/1051/925 936/1064/936 926/1052/926
f 925/1051/925 935/1063/935 936/1064/936
f 923/1049/923 937/1065/937 916/1042/916
f 923/1049/923 926/1052/926 938/1066/938
f 923/1049/923 938/1066/938 937/1065/937
f 926/1052/926 936/1064/936 939/1067/939
f 926/1052/926 939/1067/939 938/1066/938
f 927/1053/927 940/1068/940 876/1054/876
f 876/1054/876 940/1068/940 858/1069/858
f 927/1053/927 928/1055/928 941/1070/941
f 927/1053/927 941/1070/941 940/1068/940
f 940/1068/940 942/1071/942 858/1069/858
f 940/1068/940 941/1070/941 942/1071/942
f 928/1055/928 929/1056/929 943/1072/943
f 928/1055/928 943/1072/943 941/1070/941
f 941/1070/941 944/1073/944 942/1071/942
f 941/1070/941 943/1072/943 944/1073/944
f 942/1071/942 945/1074/945 858/1069/858
f 942/1071/942 944/1073/944 945/1074/945
f 929/1056/929 930/1057/930 946/1075/946
f 929/1056/929 946/1075/946 943/1072/943
f 943/1072/943 947/1076/947 944/1073/944
f 943/1072/943 946/1075/946 947/1076/947
f 944/1073/944 948/1077/948 945/1074/945
f 944/1073/944 947/1076/947 948/1077/948
f 945/1074/945 949/1078/949 858/1069/858
f 945/1074/945 948/1077/948 949/1078/949
f 949/1078/949 950/1079/950 858/1069/858
f 949/1078/949 948/1077/948 950/1079/950
f 948/1077/948 947/1076/947 951/1080/951
f 948/1077/948 951/1080/951 950/1079/950
f 950/1079/950 952/1081/952 858/1069/858
f 950/1079/950 951/1080/951 952/1081/952
f 947/1076/947 946/1075/946 953/1082/953
f 947/1076/947 953/1082/953 951/1080/951
f 951/1080/951 954/1083/954 952/1081/952
f 951/1080/951 953/1082/953 954/1083/954
f 952/1081/952 955/1084/955 858/1069/858
f 952/1081/952 954/1083/954 955/1084/955
f 858/1069/858 955/1084/955 850/1085/850
f 955/1084/955 954/1083/954 956/1086/956
f 955/1084/955 956/1086/956 850/1085/850
f 850/1085/850 956/1086/956 845/1087/845
f 954/1083/954 953/1082/953 957/1088/957
f 954/1083/954 957/1088/957 956/1086/956
f 956/1086/956 958/1089/958 845/1087/845
f 956/1086/956 957/1088/957 958/1089/958
f 845/1087/845 958/1089/958 843/1090/843
f 953/1082/953 946/1075/946 959/1091/959
f 946/1075/946 930/1057/930 959/1091/959
f 953/1082/953 959/1091/959 957/1088/957
f 957/1088/957 960/1092/960 958/1089/958
f 957/1088/957 959/1091/959 960/1092/960
f 959/1091/959 930/1057/930 961/1093/961
f 959/1091/959 961/1093/961 960/1092/960
f 930/1057/930 914/1040/914 961/1093/961
f 958/1089/958 962/1094/962 843/1090/843
f 958/1089/958 960/1092/960 962/1094/962
f 960/1092/960 961/1093/961 963/1095/963
f 960/1092/960 963/1095/963 962/1094/962
f 961/1093/961 914/1040/914 964/1096/964
f 961/1093/961 964/1096/964 963/1095/963
f 914/1040/914 916/1042/916 964/1096/964
f 964/1096/964 965/1097/965 963/1095/963
f 964/1096/964 916/1042/916 965/1097/965
f 916/1042/916 937/1065/937 965/1097/965
f 963/1095/963 966/1098/966 962/1094/962
f 963/1095/963 965/1097/965 966/1098/966
f 965/1097/965 937/1065/937 967/1099/967
f 965/1097/965 967/1099/967 966/1098/966
f 962/1094/962 834/1100/834 843/1090/843
f 962/1094/962 966/1098/966 834/1100/834
f 834/1100/834 966/1098/966 830/1101/830
f 966/1098/966 967/1099/967 830/1101/830
f 830/1101/830 967/1099/967 827/1102/827
f 967/1099/967 937/1065/937 968/1103/968
f 967/1099/967 968/1103/968 827/1102/827
f 827/1102/827 968/1103/968 825/1104/825
f 937/1065/937 938/1066/938 968/1103/968
f 968/1103/968 969/1105/969 825/1104/825
f 968/1103/968 938/1066/938 969/1105/969
f 938/1066/938 939/1067/939 969/1105/969
f 825/1104/825 969/1105/969 824/1106/824
f 824/1106/824 969/1105/969 810/1107/810
f 969/1105/969 939/1067/939 810/1107/810
f 810/1107/810 939/1067/939 970/1108/970
f 939/1067/939 936/1064/936 970/1108/970
f 810/1107/810 970/1108/970 808/1109/808
f 970/1108/970 936/1064/936 971/1110/971
f 936/1064/936 935/1063/935 971/1110/971
f 970/1108/970 972/1111/972 808/1109/808
f 970/1108/970 971/1110/971 972/1111/972
f 808/1109/808 972/1111/972 804/1112/804
f 971/1110/971 935/1063/935 973/1113/973
f 935/1063/935 934/1062/934 973/1113/973
f 971/1110/971 974/1114/974 972/1111/972
f 971/1110/971 973/1113/973 974/1114/974
f 972/1111/972 975/1115/975 804/1112/804
f 972/1111/972 974/1114/974 975/1115/975
f 804/1112/804 975/1115/975 802/1116/802
f 973/1113/973 934/1062/934 976/1117/976
f 934/1062/934 933/1061/933 976/1117/976
f 973/1113/973 977/1118/977 974/1114/974
f 973/1113/973 976/1117/976 977/1118/977
f 974/1114/974 978/1119/978 975/1115/975
f 974/1114/974 977/1118/977 978/1119/978
f 975/1115/975 979/1120/979 802/1116/802
f 975/1115/975 978/1119/978 979/1120/979
f 802/1116/802 979/1120/979 801/1121/801
f 801/1121/801 979/1120/979 798/1122/798
f 979/1120/979 978/1119/978 980/1123/980
f 979/1120/979 980/1123/980 798/1122/798
f 798/1122/798 980/1123/980 769/1124/769
f 980/1123/980 978/1119/978 981/1125/981
f 978/1119/978 977/1118/977 981/1125/981
f 980/1123/980 981/1125/981 769/1124/769
f 981/1125/981 977/1118/977 982/1126/982
f 977/1118/977 976/1117/976 982/1126/982
f 981/1125/981 982/1126/982 769/1124/769
f 982/1126/982 976/1117/976 983/1127/983
f 982/1126/982 983/1127/983 769/1124/769
f 983/1127/983 976/1117/976 984/1128/984
f 983/1127/983 984/1128/984 769/1124/769
f 976/1117/976 933/1061/933 985/1129/985
f 976/1117/976 985/1129/985 984/1128/984
f 984/1128/984 986/1130/986 769/1124/769
f 984/1128/984 985/1129/985 986/1130/986
f 933/1061/933 932/1060/932 985/1129/985
f 985/1129/985 987/1131/987 986/1130/986
f 985/1129/985 932/1060/932 987/1131/987
f 932/1060/932 931/1058/931 987/1131/987
f 986/1130/986 988/1132/988 769/1124/769
f 986/1130/986 987/1131/987 988/1132/988
f 987/1131/987 931/1058/931 989/1133/989
f 987/1131/987 989/1133/989 988/1132/988
f 988/1132/988 766/1134/766 769/1124/769
f 988/1132/988 989/1133/989 766/1134/766
f 766/1134/766 989/1133/989 764/1135/764
f 764/1135/764 989/1133/989 767/1059/767
f 767/1059/767 989/1133/989 931/1058/931
f 990/1136/764 991/1137/766 992/1138/990
f 990/1136/764 992/1138/990 993/1139/767
f 993/1139/767 992/1138/990 994/1140/931
f 993/1139/767 994/1140/931 995/1141/771
f 992/1138/990 991/1137/766 996/1142/988
f 991/1137/766 997/1143/769 996/1142/988
f 992/1138/990 998/1144/987 994/1140/931
f 992/1138/990 996/1142/988 998/1144/987
f 996/1142/988 997/1143/769 999/1145/986
f 996/1142/988 999/1145/986 998/1144/987
f 994/1140/931 1000/1146/917 995/1141/771
f 994/1140/931 998/1144/987 1001/1147/932
f 994/1140/931 1001/1147/932 1000/1146/917
f 998/1144/987 999/1145/986 1002/1148/985
f 998/1144/987 1002/1148/985 1001/1147/932
f 999/1145/986 997/1143/769 1003/1149/984
f 999/1145/986 1003/1149/984 1002/1148/985
f 1001/1147/932 1004/1150/991 1000/1146/917
f 1001/1147/932 1002/1148/985 1005/1151/933
f 1001/1147/932 1005/1151/933 1004/1150/991
f 1002/1148/985 1003/1149/984 1006/1152/976
f 1002/1148/985 1006/1152/976 1005/1151/933
f 1003/1149/984 997/1143/769 1007/1153/983
f 1003/1149/984 1007/1153/983 1006/1152/976
f 1007/1153/983 997/1143/769 1008/1154/982
f 1007/1153/983 1008/1154/982 1006/1152/976
f 1000/1146/917 1009/1155/783 995/1141/771
f 1000/1146/917 1004/1150/991 1010/1156/906
f 1000/1146/917 1010/1156/906 1009/1155/783
f 1005/1151/933 1006/1152/976 1011/1157/934
f 1005/1151/933 1012/1158/919 1004/1150/991
f 1005/1151/933 1011/1157/934 1012/1158/919
f 1004/1150/991 1013/1159/907 1010/1156/906
f 1004/1150/991 1012/1158/919 1013/1159/907
f 1008/1154/982 997/1143/769 1014/1160/981
f 1008/1154/982 1015/1161/977 1006/1152/976
f 1008/1154/982 1014/1160/981 1015/1161/977
f 1006/1152/976 1016/1162/973 1011/1157/934
f 1006/1152/976 1015/1161/977 1016/1162/973
f 1010/1156/906 1017/1163/791 1009/1155/783
f 1010/1156/906 1013/1159/907 1018/1164/896
f 1010/1156/906 1018/1164/896 1017/1163/791
f 1012/1158/919 1011/1157/934 1019/1165/992
f 1011/1157/934 1016/1162/973 1020/1166/935
f 1011/1157/934 1020/1166/935 1019/1165/992
f 1012/1158/919 1021/1167/993 1013/1159/907
f 1012/1158/919 1019/1165/992 1021/1167/993
f 1013/1159/907 1022/1168/900 1018/1164/896
f 1013/1159/907 1021/1167/993 1022/1168/900
f 1014/1160/981 997/1143/769 1023/1169/980
f 997/1143/769 1024/1170/798 1023/1169/980
f 1014/1160/981 1025/1171/978 1015/1161/977
f 1014/1160/981 1023/1169/980 1025/1171/978
f 1023/1169/980 1024/1170/798 1026/1172/979
f 1023/1169/980 1026/1172/979 1025/1171/978
f 1024/1170/798 1027/1173/801 1026/1172/979
f 1027/1173/801 1028/1174/802 1026/1172/979
f 1026/1172/979 1029/1175/975 1025/1171/978
f 1026/1172/979 1028/1174/802 1029/1175/975
f 1028/1174/802 1030/1176/804 1029/1175/975
f 1025/1171/978 1031/1177/974 1015/1161/977
f 1015/1161/977 1031/1177/974 1016/1162/973
f 1025/1171/978 1029/1175/975 1031/1177/974
f 1029/1175/975 1030/1176/804 1032/1178/972
f 1029/1175/975 1032/1178/972 1031/1177/974
f 1031/1177/974 1033/1179/971 1016/1162/973
f 1016/1162/973 1033/1179/971 1020/1166/935
f 1031/1177/974 1032/1178/972 1033/1179/971
f 1030/1176/804 1034/1180/808 1032/1178/972
f 1032/1178/972 1035/1181/970 1033/1179/971
f 1032/1178/972 1034/1180/808 1035/1181/970
f 1034/1180/808 1036/1182/810 1035/1181/970
f 1033/1179/971 1037/1183/936 1020/1166/935
f 1033/1179/971 1035/1181/970 1037/1183/936
f 1035/1181/970 1036/1182/810 1038/1184/939
f 1035/1181/970 1038/1184/939 1037/1183/936
f 1020/1166/935 1039/1185/994 1019/1165/992
f 1020/1166/935 1037/1183/936 1039/1185/994
f 1037/1183/936 1038/1184/939 1040/1186/926
f 1037/1183/936 1040/1186/926 1039/1185/994
f 1019/1165/992 1041/1187/921 1021/1167/993
f 1019/1165/992 1039/1185/994 1041/1187/921
f 1039/1185/994 1040/1186/926 1042/1188/922
f 1039/1185/994 1042/1188/922 1041/1187/921
f 1021/1167/993 1043/1189/908 1022/1168/900
f 1021/1167/993 1041/1187/921 1043/1189/908
f 1041/1187/921 1042/1188/922 1044/1190/920
f 1041/1187/921 1044/1190/920 1043/1189/908
f 1044/1190/920 1042/1188/922 1045/1191/909
f 1044/1190/920 1045/1191/909 1043/1189/908
f 1043/1189/908 1046/1192/901 1022/1168/900
f 1043/1189/908 1045/1191/909 1046/1192/901
f 1042/1188/922 1040/1186/926 1047/1193/923
f 1042/1188/922 1047/1193/923 1045/1191/909
f 1040/1186/926 1038/1184/939 1048/1194/938
f 1040/1186/926 1048/1194/938 1047/1193/923
f 1038/1184/939 1036/1182/810 1049/1195/969
f 1038/1184/939 1049/1195/969 1048/1194/938
f 1036/1182/810 1050/1196/824 1049/1195/969
f 1050/1196/824 1051/1197/825 1049/1195/969
f 1049/1195/969 1052/1198/968 1048/1194/938
f 1049/1195/969 1051/1197/825 1052/1198/968
f 1051/1197/825 1053/1199/827 1052/1198/968
f 1048/1194/938 1054/1200/937 1047/1193/923
f 1048/1194/938 1052/1198/968 1054/1200/937
f 1052/1198/968 1053/1199/827 1055/1201/967
f 1052/1198/968 1055/1201/967 1054/1200/937
f 1053/1199/827 1056/1202/830 1055/1201/967
f 1047/1193/923 1057/1203/995 1045/1191/909
f 1047/1193/923 1054/1200/937 1057/1203/995
f 1054/1200/937 1055/1201/967 1058/1204/965
f 1054/1200/937 1058/1204/965 1057/1203/995
f 1055/1201/967 1056/1202/830 1059/1205/966
f 1055/1201/967 1059/1205/966 1058/1204/965
f 1056/1202/830 1060/1206/834 1059/1205/966
f 1045/1191/909 1061/1207/996 1046/1192/901
f 1045/1191/909 1057/1203/995 1062/1208/997
f 1045/1191/909 1062/1208/997 1061/1207/996
f 1062/1208/997 1057/1203/995 1063/1209/914
f 1062/1208/997 1063/1209/914 1061/1207/996
f 1057/1203/995 1058/1204/965 1064/1210/964
f 1057/1203/995 1064/1210/964 1063/1209/914
f 1058/1204/965 1059/1205/966 1065/1211/963
f 1058/1204/965 1065/1211/963 1064/1210/964
f 1064/1210/964 1066/1212/961 1063/1209/914
f 1064/1210/964 1065/1211/963 1066/1212/961
f 1059/1205/966 1060/1206/834 1067/1213/962
f 1059/1205/966 1067/1213/962 1065/1211/963
f 1065/1211/963 1068/1214/998 1066/1212/961
f 1065/1211/963 1067/1213/962 1068/1214/998
f 1060/1206/834 1069/1215/843 1067/1213/962
f 1067/1213/962 1070/1216/958 1068/1214/998
f 1067/1213/962 1069/1215/843 1070/1216/958
f 1069/1215/843 1071/1217/845 1070/1216/958
f 1066/1212/961 1072/1218/930 1063/1209/914
f 1066/1212/961 1068/1214/998 1073/1219/959
f 1066/1212/961 1073/1219/959 1072/1218/930
f 1068/1214/998 1070/1216/958 1074/1220/957
f 1068/1214/998 1074/1220/957 1073/1219/959
f 1070/1216/958 1071/1217/845 1075/1221/956
f 1070/1216/958 1075/1221/956 1074/1220/957
f 1071/1217/845 1076/1222/850 1075/1221/956
f 1063/1209/914 1077/1223/905 1061/1207/996
f 1063/1209/914 1072/1218/930 1078/1224/913
f 1063/1209/914 1078/1224/913 1077/1223/905
f 1073/1219/959 1079/1225/946 1072/1218/930
f 1072/1218/930 1080/1226/929 1078/1224/913
f 1072/1218/930 1079/1225/946 1080/1226/929
f 1073/1219/959 1074/1220/957 1081/1227/953
f 1073/1219/959 1081/1227/953 1079/1225/946
f 1074/1220/957 1075/1221/956 1082/1228/954
f 1074/1220/957 1082/1228/954 1081/1227/953
f 1075/1221/956 1076/1222/850 1083/1229/955
f 1075/1221/956 1083/1229/955 1082/1228/954
f 1076/1222/850 1084/1230/858 1083/1229/955
f 1083/1229/955 1085/1231/952 1082/1228/954
f 1083/1229/955 1084/1230/858 1085/1231/952
f 1082/1228/954 1086/1232/951 1081/1227/953
f 1082/1228/954 1085/1231/952 1086/1232/951
f 1085/1231/952 1084/1230/858 1087/1233/999
f 1085/1231/952 1087/1233/999 1086/1232/951
f 1081/1227/953 1088/1234/947 1079/1225/946
f 1081/1227/953 1086/1232/951 1088/1234/947
f 1086/1232/951 1087/1233/999 1089/1235/948
f 1086/1232/951 1089/1235/948 1088/1234/947
f 1087/1233/999 1084/1230/858 1090/1236/949
f 1087/1233/999 1090/1236/949 1089/1235/948
f 1090/1236/949 1084/1230/858 1091/1237/1000
f 1090/1236/949 1091/1237/1000 1089/1235/948
f 1089/1235/948 1092/1238/944 1088/1234/947
f 1089/1235/948 1091/1237/1000 1092/1238/944
f 1091/1237/1000 1084/1230/858 1093/1239/942
f 1091/1237/1000 1093/1239/942 1092/1238/944
f 1088/1234/947 1094/1240/943 1079/1225/946
f 1079/1225/946 1094/1240/943 1080/1226/929
f 1088/1234/947 1092/1238/944 1094/1240/943
f 1092/1238/944 1093/1239/942 1095/1241/941
f 1092/1238/944 1095/1241/941 1094/1240/943
f 1094/1240/943 1096/1242/928 1080/1226/929
f 1094/1240/943 1095/1241/941 1096/1242/928
f 1080/1226/929 1097/1243/1001 1078/1224/913
f 1080/1226/929 1096/1242/928 1097/1243/1001
f 1078/1224/913 1098/1244/904 1077/1223/905
f 1078/1224/913 1097/1243/1001 1098/1244/904
f 1077/1223/905 1099/1245/899 1061/1207/996
f 1077/1223/905 1098/1244/904 1099/1245/899
f 1093/1239/942 1084/1230/858 1100/1246/940
f 1093/1239/942 1100/1246/940 1095/1241/941
f 1095/1241/941 1101/1247/927 1096/1242/928
f 1095/1241/941 1100/1246/940 1101/1247/927
f 1100/1246/940 1084/1230/858 1102/1248/876
f 1100/1246/940 1102/1248/876 1101/1247/927
f 1102/1248/876 1103/1249/877 1101/1247/927
f 1101/1247/927 1104/1250/911 1096/1242/928
f 1096/1242/928 1104/1250/911 1097/1243/1001
f 1101/1247/927 1103/1249/877 1104/1250/911
f 1103/1249/877 1105/1251/879 1104/1250/911
f 1104/1250/911 1106/1252/903 1097/1243/1001
f 1097/1243/1001 1106/1252/903 1098/1244/904
f 1104/1250/911 1105/1251/879 1106/1252/903
f 1105/1251/879 1107/1253/881 1106/1252/903
f 1106/1252/903 1108/1254/895 1098/1244/904
f 1098/1244/904 1108/1254/895 1099/1245/899
f 1106/1252/903 1107/1253/881 1108/1254/895
f 1099/1245/899 1109/1255/1002 1061/1207/996
f 1061/1207/996 1109/1255/1002 1046/1192/901
f 1099/1245/899 1108/1254/895 1110/1256/894
f 1099/1245/899 1110/1256/894 1109/1255/1002
f 1108/1254/895 1107/1253/881 1111/1257/885
f 1108/1254/895 1111/1257/885 1110/1256/894
f 1109/1255/1002 1112/1258/897 1046/1192/901
f 1046/1192/901 1112/1258/897 1022/1168/900
f 1022/1168/900 1112/1258/897 1018/1164/896
f 1109/1255/1002 1110/1256/894 1113/1259/893
f 1109/1255/1002 1113/1259/893 1112/1258/897
f 1112/1258/897 1114/1260/892 1018/1164/896
f 1112/1258/897 1113/1259/893 1114/1260/892
f 1018/1164/896 1114/1260/892 1017/1163/791
f 1110/1256/894 1111/1257/885 1115/1261/889
f 1110/1256/894 1115/1261/889 1113/1259/893
f 1113/1259/893 1116/1262/890 1114/1260/892
f 1113/1259/893 1115/1261/889 1116/1262/890
f 1114/1260/892 1117/1263/891 1017/1163/791
f 1114/1260/892 1116/1262/890 1117/1263/891
f 1117/1263/891 1118/1264/888 1017/1163/791
f 1117/1263/891 1116/1262/890 1118/1264/888
f 1116/1262/890 1115/1261/889 1119/1265/887
f 1116/1262/890 1119/1265/887 1118/1264/888
f 1115/1261/889 1111/1257/885 1120/1266/884
f 1115/1261/889 1120/1266/884 1119/1265/887
f 1111/1257/885 1107/1253/881 1121/1267/882
f 1111/1257/885 1121/1267/882 1120/1266/884
f 1118/1264/888 1122/1268/792 1017/1163/791
f 1118/1264/888 1119/1265/887 1123/1269/886
f 1118/1264/888 1123/1269/886 1122/1268/792
f 1119/1265/887 1120/1266/884 1124/1270/1003
f 1119/1265/887 1124/1270/1003 1123/1269/886
f 1120/1266/884 1121/1267/882 1125/1271/873
f 1120/1266/884 1125/1271/873 1124/1270/1003
f 1123/1269/886 1126/1272/796 1122/1268/792
f 1123/1269/886 1124/1270/1003 1127/1273/820
f 1123/1269/886 1127/1273/820 1126/1272/796
f 1124/1270/1003 1125/1271/873 1128/1274/1004
f 1124/1270/1003 1128/1274/1004 1127/1273/820
f 1121/1267/882 1107/1253/881 1129/1275/880
f 1107/1253/881 1105/1276/879 1129/1275/880
f 1121/1267/882 1130/1277/872 1125/1271/873
f 1121/1267/882 1129/1275/880 1130/1277/872
f 1125/1271/873 1131/1278/851 1128/1274/1004
f 1125/1271/873 1130/1277/872 1131/1278/851
f 1122/1268/792 1132/1279/784 1017/1163/791
f 1017/1163/791 1132/1279/784 1009/1155/783
f 1122/1268/792 1126/1272/796 1133/1280/787
f 1122/1268/792 1133/1280/787 1132/1279/784
f 1127/1273/820 1134/1281/819 1135/1282/817
f 1127/1273/820 1128/1274/1004 1134/1281/819
f 1127/1273/820 1135/1282/817 1126/1272/796
f 1126/1272/796 1136/1283/1005 1133/1280/787
f 1126/1272/796 1135/1282/817 1136/1283/1005
f 1129/1275/880 1105/1276/879 1137/1284/878
f 1105/1276/879 1103/1285/877 1137/1284/878
f 1129/1275/880 1138/1286/1006 1130/1277/872
f 1129/1275/880 1137/1284/878 1138/1286/1006
f 1130/1277/872 1139/1287/852 1131/1278/851
f 1130/1277/872 1138/1286/1006 1139/1287/852
f 1131/1278/851 1140/1288/837 1128/1274/1004
f 1131/1278/851 1139/1287/852 1140/1288/837
f 1128/1274/1004 1141/1289/1007 1134/1281/819
f 1128/1274/1004 1140/1288/837 1141/1289/1007
f 1141/1289/1007 1142/1290/1008 1134/1281/819
f 1141/1289/1007 1140/1288/837 1142/1290/1008
f 1132/1279/784 1143/1291/774 1009/1155/783
f 1009/1155/783 1143/1291/774 995/1141/771
f 1132/1279/784 1133/1280/787 1144/1292/1009
f 1132/1279/784 1144/1292/1009 1143/1291/774
f 1133/1280/787 1136/1283/1005 1145/1293/786
f 1133/1280/787 1145/1293/786 1144/1292/1009
f 1135/1282/817 1134/1281/819 1146/1294/818
f 1135/1282/817 1147/1295/815 1136/1283/1005
f 1135/1282/817 1146/1294/818 1147/1295/815
f 1146/1294/818 1134/1281/819 1148/1296/816
f 1146/1294/818 1148/1296/816 1147/1295/815
f 1134/1281/819 1142/1290/1008 1149/1297/821
f 1134/1281/819 1149/1297/821 1148/1296/816
f 1136/1283/1005 1150/1298/1010 1145/1293/786
f 1136/1283/1005 1147/1295/815 1150/1298/1010
f 1147/1295/815 1148/1296/816 1151/1299/1011
f 1147/1295/815 1151/1299/1011 1150/1298/1010
f 1148/1296/816 1149/1297/821 1152/1300/814
f 1148/1296/816 1152/1300/814 1151/1299/1011
f 1137/1284/878 1103/1285/877 1153/1301/875
f 1103/1285/877 1102/1302/876 1153/1301/875
f 1137/1284/878 1154/1303/870 1138/1286/1006
f 1137/1284/878 1153/1301/875 1154/1303/870
f 1138/1286/1006 1155/1304/854 1139/1287/852
f 1138/1286/1006 1154/1303/870 1155/1304/854
f 1139/1287/852 1156/1305/846 1140/1288/837
f 1139/1287/852 1155/1304/854 1156/1305/846
f 1143/1291/774 1157/1306/770 995/1141/771
f 995/1141/771 1157/1306/770 993/1307/767
f 1143/1291/774 1144/1292/1009 1158/1308/775
f 1143/1291/774 1158/1308/775 1157/1306/770
f 1144/1292/1009 1145/1293/786 1159/1309/779
f 1144/1292/1009 1159/1309/779 1158/1308/775
f 1145/1293/786 1150/1298/1010 1160/1310/785
f 1145/1293/786 1160/1310/785 1159/1309/779
f 1150/1298/1010 1151/1299/1011 1161/1311/794
f 1150/1298/1010 1161/1311/794 1160/1310/785
f 1151/1299/1011 1152/1300/814 1162/1312/811
f 1151/1299/1011 1162/1312/811 1161/1311/794
f 1149/1297/821 1142/1290/1008 1163/1313/828
f 1149/1297/821 1164/1314/822 1152/1300/814
f 1149/1297/821 1163/1313/828 1164/1314/822
f 1152/1300/814 1165/1315/812 1162/1312/811
f 1152/1300/814 1164/1314/822 1165/1315/812
f 1153/1301/875 1102/1302/876 1166/1316/874
f 1102/1302/876 1084/1317/858 1166/1316/874
f 1153/1301/875 1167/1318/869 1154/1303/870
f 1153/1301/875 1166/1316/874 1167/1318/869
f 1166/1316/874 1084/1317/858 1168/1319/867
f 1166/1316/874 1168/1319/867 1167/1318/869
f 1154/1303/870 1169/1320/868 1155/1304/854
f 1154/1303/870 1167/1318/869 1169/1320/868
f 1167/1318/869 1168/1319/867 1170/1321/866
f 1167/1318/869 1170/1321/866 1169/1320/868
f 1168/1319/867 1084/1317/858 1171/1322/1012
f 1168/1319/867 1171/1322/1012 1170/1321/866
f 1155/1304/854 1172/1323/853 1156/1305/846
f 1155/1304/854 1169/1320/868 1172/1323/853
f 1169/1320/868 1170/1321/866 1173/1324/862
f 1169/1320/868 1173/1324/862 1172/1323/853
f 1170/1321/866 1171/1322/1012 1174/1325/863
f 1170/1321/866 1174/1325/863 1173/1324/862
f 1171/1322/1012 1084/1317/858 1175/1326/864
f 1171/1322/1012 1175/1326/864 1174/1325/863
f 1175/1326/864 1084/1317/858 1176/1327/1013
f 1175/1326/864 1176/1327/1013 1174/1325/863
f 1174/1325/863 1177/1328/860 1173/1324/862
f 1174/1325/863 1176/1327/1013 1177/1328/860
f 1176/1327/1013 1084/1317/858 1178/1329/859
f 1176/1327/1013 1178/1329/859 1177/1328/860
f 1173/1324/862 1179/1330/855 1172/1323/853
f 1173/1324/862 1177/1328/860 1179/1330/855
f 1177/1328/860 1178/1329/859 1180/1331/856
f 1177/1328/860 1180/1331/856 1179/1330/855
f 1178/1329/859 1084/1317/858 1181/1332/857
f 1178/1329/859 1181/1332/857 1180/1331/856
f 1084/1317/858 1076/1333/850 1181/1332/857
f 1181/1332/857 1182/1334/849 1180/1331/856
f 1181/1332/857 1076/1333/850 1182/1334/849
f 1076/1333/850 1071/1335/845 1182/1334/849
f 1180/1331/856 1183/1336/848 1179/1330/855
f 1180/1331/856 1182/1334/849 1183/1336/848
f 1182/1334/849 1071/1335/845 1184/1337/844
f 1182/1334/849 1184/1337/844 1183/1336/848
f 1071/1335/845 1069/1338/843 1184/1337/844
f 1179/1330/855 1185/1339/847 1172/1323/853
f 1172/1323/853 1185/1339/847 1156/1305/846
f 1179/1330/855 1183/1336/848 1185/1339/847
f 1183/1336/848 1184/1337/844 1186/1340/1014
f 1183/1336/848 1186/1340/1014 1185/1339/847
f 1185/1339/847 1187/1341/840 1156/1305/846
f 1185/1339/847 1186/1340/1014 1187/1341/840
f 1156/1305/846 1187/1341/840 1140/1288/837
f 1184/1337/844 1069/1338/843 1188/1342/841
f 1184/1337/844 1188/1342/841 1186/1340/1014
f 1186/1340/1014 1189/1343/839 1187/1341/840
f 1186/1340/1014 1188/1342/841 1189/1343/839
f 1187/1341/840 1190/1344/838 1140/1288/837
f 1187/1341/840 1189/1343/839 1190/1344/838
f 1140/1288/837 1190/1344/838 1142/1290/1008
f 1190/1344/838 1189/1343/839 1191/1345/832
f 1190/1344/838 1191/1345/832 1142/1290/1008
f 1142/1290/1008 1191/1345/832 1163/1313/828
f 1189/1343/839 1188/1342/841 1192/1346/833
f 1189/1343/839 1192/1346/833 1191/1345/832
f 1191/1345/832 1193/1347/829 1163/1313/828
f 1191/1345/832 1192/1346/833 1193/1347/829
f 1188/1342/841 1069/1338/843 1060/1348/834
f 1188/1342/841 1060/1348/834 1192/1346/833
f 1192/1346/833 1056/1349/830 1193/1347/829
f 1192/1346/833 1060/1348/834 1056/1349/830
f 1056/1349/830 1053/1350/827 1193/1347/829
f 1193/1347/829 1194/1351/826 1163/1313/828
f 1193/1347/829 1053/1350/827 1194/1351/826
f 1053/1350/827 1051/1352/825 1194/1351/826
f 1163/1313/828 1194/1351/826 1164/1314/822
f 1194/1351/826 1051/1352/825 1195/1353/823
f 1194/1351/826 1195/1353/823 1164/1314/822
f 1164/1314/822 1195/1353/823 1165/1315/812
f 1051/1352/825 1050/1354/824 1195/1353/823
f 1195/1353/823 1036/1355/810 1165/1315/812
f 1195/1353/823 1050/1354/824 1036/1355/810
f 1036/1355/810 1196/1356/809 1165/1315/812
f 1165/1315/812 1196/1356/809 1162/1312/811
f 1036/1355/810 1034/1357/808 1196/1356/809
f 1196/1356/809 1197/1358/807 1162/1312/811
f 1162/1312/811 1197/1358/807 1161/1311/794
f 1196/1356/809 1034/1357/808 1198/1359/806
f 1196/1356/809 1198/1359/806 1197/1358/807
f 1034/1357/808 1030/1360/804 1198/1359/806
f 1197/1358/807 1199/1361/790 1161/1311/794
f 1161/1311/794 1199/1361/790 1160/1310/785
f 1197/1358/807 1198/1359/806 1200/1362/805
f 1197/1358/807 1200/1362/805 1199/1361/790
f 1198/1359/806 1030/1360/804 1201/1363/803
f 1198/1359/806 1201/1363/803 1200/1362/805
f 1030/1360/804 1028/1364/802 1201/1363/803
f 1199/1361/790 1202/1365/780 1160/1310/785
f 1160/1310/785 1202/1365/780 1159/1309/779
f 1199/1361/790 1200/1362/805 1203/1366/789
f 1199/1361/790 1203/1366/789 1202/1365/780
f 1200/1362/805 1201/1363/803 1204/1367/799
f 1200/1362/805 1204/1367/799 1203/1366/789
f 1201/1363/803 1028/1364/802 1205/1368/800
f 1201/1363/803 1205/1368/800 1204/1367/799
f 1028/1364/802 1027/1369/801 1205/1368/800
f 1027/1369/801 1024/1370/798 1205/1368/800
f 1205/1368/800 1206/1371/797 1204/1367/799
f 1205/1368/800 1024/1370/798 1206/1371/797
f 1024/1370/798 997/1372/769 1206/1371/797
f 1206/1371/797 1207/1373/788 1204/1367/799
f 1204/1367/799 1207/1373/788 1203/1366/789
f 1206/1371/797 997/1372/769 1207/1373/788
f 1207/1373/788 1208/1374/782 1203/1366/789
f 1203/1366/789 1208/1374/782 1202/1365/780
f 1207/1373/788 997/1372/769 1208/1374/782
f 1208/1374/782 1209/1375/781 1202/1365/780
f 1208/1374/782 997/1372/769 1209/1375/781
f 1209/1375/781 1210/1376/777 1202/1365/780
f 1209/1375/781 997/1372/769 1210/1376/777
f 1202/1365/780 1211/1377/776 1159/1309/779
f 1202/1365/780 1210/1376/777 1211/1377/776
f 1210/1376/777 997/1372/769 1212/1378/773
f 1210/1376/777 1212/1378/773 1211/1377/776
f 1159/1309/779 1211/1377/776 1158/1308/775
f 1211/1377/776 1212/1378/773 1213/1379/772
f 1211/1377/776 1213/1379/772 1158/1308/775
f 1158/1308/775 1213/1379/772 1157/1306/770
f 1212/1378/773 997/1372/769 1214/1380/768
f 1212/1378/773 1214/1380/768 1213/1379/772
f 1213/1379/772 1215/1381/1015 1157/1306/770
f 1213/1379/772 1214/1380/768 1215/1381/1015
f 1214/1380/768 997/1372/769 991/1382/766
f 1214/1380/768 991/1382/766 1215/1381/1015
f 991/1382/766 990/1383/764 1215/1381/1015
f 1215/1381/1015 993/1307/767 1157/1306/770
f 993/1307/767 1215/1381/1015 990/1383/764
f 1216/1384/1016 1217/1385/1017 1218/1386/1018
f 1217/1385/1017 1219/1387/1019 1218/1386/1018
f 1217/1385/1017 1220/1388/1020 1219/1387/1019
f 1218/1386/1018 1219/1387/1019 1221/1389/1021
f 1220/1388/1020 1222/1390/1022 1219/1387/1019
f 1221/1389/1021 1223/1391/1023 1224/1392/1024
f 1220/1388/1020 1225/1393/1025 1226/1394/1026
f 1220/1388/1020 1226/1394/1026 1222/1390/1022
f 1219/1387/1019 1223/1391/1023 1221/1389/1021
f 1224/1392/1024 1227/1395/1027 1228/1396/1028
f 1221/1389/1021 1224/1392/1024 1228/1396/1028
f 1225/1393/1025 85/1397/85 79/1398/79
f 1225/1393/1025 79/1398/79 1226/1394/1026
f 1222/1390/1022 1226/1394/1026 1229/1399/1029
f 1219/1387/1019 1230/1400/1030 1223/1391/1023
f 1222/1390/1022 1229/1399/1029 1230/1400/1030
f 1222/1390/1022 1230/1400/1030 1219/1387/1019
f 1227/1395/1027 1231/1401/1031 1228/1396/1028
f 1224/1392/1024 1232/1402/1032 1227/1395/1027
f 79/1398/79 66/1403/66 1226/1394/1026
f 1226/1394/1026 66/1403/66 1229/1399/1029
f 1223/1391/1023 1233/1404/1033 1234/1405/1034
f 1223/1391/1023 1230/1400/1030 1233/1404/1033
f 1224/1392/1024 1223/1391/1023 1234/1405/1034
f 1224/1392/1024 1234/1405/1034 1232/1402/1032
f 1231/1401/1031 1227/1395/1027 1235/1406/1035
f 66/1403/66 59/1407/59 1229/1399/1029
f 1230/1400/1030 1229/1399/1029 1236/1408/1036
f 1229/1399/1029 59/1407/59 1236/1408/1036
f 1230/1400/1030 1236/1408/1036 1233/1404/1033
f 1234/1405/1034 1237/1409/1037 1238/1410/1038
f 1234/1405/1034 1238/1410/1038 1232/1402/1032
f 1234/1405/1034 1233/1404/1033 1237/1409/1037
f 1227/1395/1027 1239/1411/1039 1235/1406/1035
f 59/1407/59 51/1412/51 1240/1413/1040
f 1233/1404/1033 1236/1408/1036 1240/1413/1040
f 1236/1408/1036 59/1407/59 1240/1413/1040
f 1233/1404/1033 1240/1413/1040 1237/1409/1037
f 1238/1410/1038 1237/1409/1037 56/1414/56
f 1240/1413/1040 51/1412/51 56/1414/56
f 1240/1413/1040 56/1414/56 1237/1409/1037
f 1232/1402/1032 1238/1410/1038 1241/1415/1041
f 1227/1395/1027 1232/1402/1032 1242/1416/1042
f 1232/1402/1032 1241/1415/1041 1242/1416/1042
f 1239/1411/1039 1243/1417/1043 1244/1418/1044
f 1235/1406/1035 1239/1411/1039 1244/1418/1044
f 56/1414/56 1245/1419/1045 1238/1410/1038
f 1238/1410/1038 1245/1419/1045 1241/1415/1041
f 1227/1395/1027 1242/1416/1042 1246/1420/1046
f 1227/1395/1027 1246/1420/1046 1239/1411/1039
f 1243/1417/1043 1247/1421/1047 1244/1418/1044
f 56/1414/56 50/1422/50 1245/1419/1045
f 1241/1415/1041 1248/1423/1048 1249/1424/1049
f 1241/1415/1041 1249/1424/1049 1242/1416/1042
f 1241/1415/1041 1245/1419/1045 1248/1423/1048
f 1246/1420/1046 1250/1425/1050 1251/1426/1051
f 1242/1416/1042 1249/1424/1049 1250/1425/1050
f 1242/1416/1042 1250/1425/1050 1246/1420/1046
f 1239/1411/1039 1252/1427/1052 1243/1417/1043
f 1246/1420/1046 1251/1426/1051 1252/1427/1052
f 1246/1420/1046 1252/1427/1052 1239/1411/1039
f 1247/1421/1047 1253/1428/1053 1254/1429/1054
f 1244/1418/1044 1247/1421/1047 1254/1429/1054
f 50/1422/50 1255/1430/1055 1245/1419/1045
f 1248/1423/1048 1256/1431/1056 1257/1432/1057
f 1256/1431/1056 1245/1419/1045 1255/1430/1055
f 1245/1419/1045 1256/1431/1056 1248/1423/1048
f 1249/1424/1049 1248/1423/1048 1258/1433/1058
f 1250/1425/1050 1249/1424/1049 1259/1434/1059
f 1249/1424/1049 1258/1433/1058 1259/1434/1059
f 1243/1417/1043 1252/1427/1052 1260/1435/1060
f 1251/1426/1051 1261/1436/1061 18/1437/18
f 1250/1425/1050 1261/1436/1061 1251/1426/1051
f 1250/1425/1050 1259/1434/1059 1261/1436/1061
f 1253/1428/1053 1262/1438/1062 1254/1429/1054
f 1247/1421/1047 1263/1439/1063 1264/1440/1064
f 1253/1428/1053 1247/1421/1047 1264/1440/1064
f 50/1422/50 52/1441/52 1255/1430/1055
f 1257/1432/1057 1265/1442/1065 1248/1423/1048
f 1258/1433/1058 1248/1423/1048 1265/1442/1065
f 1258/1433/1058 1265/1442/1065 1259/1434/1059
f 1243/1417/1043 1260/1435/1060 1266/1443/1066
f 1247/1421/1047 1266/1443/1066 1263/1439/1063
f 1247/1421/1047 1243/1417/1043 1266/1443/1066
f 1252/1427/1052 1251/1426/1051 1267/1444/1067
f 1251/1426/1051 18/1437/18 1267/1444/1067
f 1252/1427/1052 1267/1444/1067 1260/1435/1060
f 1261/1436/1061 1259/1434/1059 1268/1445/1068
f 1264/1440/1064 1263/1439/1063 1269/1446/1069
f 52/1441/52 1270/1447/1070 1255/1430/1055
f 1265/1442/1065 1271/1448/1071 1259/1434/1059
f 1259/1434/1059 1271/1448/1071 1268/1445/1068
f 1266/1443/1066 1272/1449/1072 1273/1450/1073
f 1266/1443/1066 1260/1435/1060 1272/1449/1072
f 1263/1439/1063 1273/1450/1073 1269/1446/1069
f 1263/1439/1063 1266/1443/1066 1273/1450/1073
f 18/1437/18 9/1451/9 1274/1452/1074
f 1260/1435/1060 1267/1444/1067 1274/1452/1074
f 1267/1444/1067 18/1437/18 1274/1452/1074
f 1260/1435/1060 1274/1452/1074 1272/1449/1072
f 1261/1436/1061 1275/1453/1075 10/1454/10
f 1261/1436/1061 1268/1445/1068 1275/1453/1075
f 1261/1436/1061 10/1454/10 18/1437/18
f 1264/1440/1064 1269/1446/1069 1276/1455/1076
f 52/1441/52 1277/1456/1077 1270/1447/1070
f 1273/1450/1073 1272/1449/1072 19/1457/19
f 1274/1452/1074 9/1451/9 19/1457/19
f 1274/1452/1074 19/1457/19 1272/1449/1072
f 1275/1453/1075 1278/1458/1078 8/1459/8
f 1275/1453/1075 8/1459/8 10/1454/10
f 1269/1446/1069 1273/1450/1073 27/1460/27
f 1273/1450/1073 19/1457/19 27/1460/27
f 1276/1455/1076 34/1461/34 40/1462/40
f 34/1461/34 1269/1446/1069 27/1460/27
f 1269/1446/1069 34/1461/34 1276/1455/1076
f 52/1441/52 57/1463/57 1277/1456/1077
f 1278/1458/1078 1279/1464/1079 8/1459/8
f 57/1463/57 1280/1465/1080 1277/1456/1077
f 1279/1464/1079 17/1466/17 8/1459/8
f 57/1463/57 68/1467/68 1280/1465/1080
f 1277/1456/1077 1280/1465/1080 1281/1468/1081
f 1279/1464/1079 1282/1469/1082 1283/1470/1083
f 1279/1464/1079 1283/1470/1083 17/1466/17
f 68/1467/68 75/1471/75 1280/1465/1080
f 1281/1468/1081 1284/1472/1084 1285/1473/1085
f 1281/1468/1081 1280/1465/1080 1284/1472/1084
f 1282/1469/1082 1286/1474/1086 1287/1475/1087
f 1282/1469/1082 1287/1475/1087 1283/1470/1083
f 17/1466/17 1283/1470/1083 26/1476/26
f 75/1471/75 81/1477/81 1288/1478/1088
f 1280/1465/1080 75/1471/75 1288/1478/1088
f 1280/1465/1080 1288/1478/1088 1284/1472/1084
f 1285/1473/1085 1284/1472/1084 1289/1479/1089
f 1286/1474/1086 1289/1479/1089 1287/1475/1087
f 1283/1470/1083 33/1480/33 26/1476/26
f 81/1477/81 1290/1481/1090 1288/1478/1088
f 1284/1472/1084 1288/1478/1088 1291/1482/1091
f 1288/1478/1088 1290/1481/1090 1291/1482/1091
f 1289/1479/1089 1284/1472/1084 1292/1483/1092
f 1284/1472/1084 1291/1482/1091 1292/1483/1092
f 1289/1479/1089 1292/1483/1092 1287/1475/1087
f 1283/1470/1083 1293/1484/1093 33/1480/33
f 1283/1470/1083 1287/1475/1087 1293/1484/1093
f 81/1477/81 87/1485/87 1290/1481/1090
f 1291/1482/1091 1294/1486/1094 1295/1487/1095
f 1291/1482/1091 1295/1487/1095 1292/1483/1092
f 1291/1482/1091 1290/1481/1090 1294/1486/1094
f 33/1480/33 1293/1484/1093 39/1488/39
f 1287/1475/1087 1296/1489/1096 1293/1484/1093
f 1292/1483/1092 1295/1487/1095 1296/1489/1096
f 1292/1483/1092 1296/1489/1096 1287/1475/1087
f 87/1485/87 86/1490/86 1297/1491/1097
f 1290/1481/1090 87/1485/87 1298/1492/1098
f 1290/1481/1090 1298/1492/1098 1294/1486/1094
f 39/1488/39 1293/1484/1093 1299/1493/1099
f 1293/1484/1093 1296/1489/1096 1299/1493/1099
f 1295/1487/1095 1294/1486/1094 1300/1494/1100
f 86/1490/86 95/1495/95 1297/1491/1097
f 87/1485/87 1301/1496/1101 1298/1492/1098
f 87/1485/87 1297/1491/1097 1301/1496/1101
f 39/1488/39 1299/1493/1099 43/1497/43
f 1296/1489/1096 1295/1487/1095 1302/1498/1102
f 1295/1487/1095 1300/1494/1100 1302/1498/1102
f 1296/1489/1096 1302/1498/1102 1299/1493/1099
f 1294/1486/1094 1298/1492/1098 1303/1499/1103
f 1294/1486/1094 1303/1499/1103 1300/1494/1100
f 95/1495/95 96/1500/96 1304/1501/1104
f 95/1495/95 1304/1501/1104 1297/1491/1097
f 1301/1496/1101 1297/1491/1097 1305/1502/1105
f 1297/1491/1097 1304/1501/1104 1305/1502/1105
f 43/1497/43 1306/1503/1106 36/1504/36
f 1302/1498/1102 1307/1505/1107 1308/1506/1108
f 1302/1498/1102 1308/1506/1108 1299/1493/1099
f 1299/1493/1099 1308/1506/1108 43/1497/43
f 1302/1498/1102 1300/1494/1100 1307/1505/1107
f 1298/1492/1098 1309/1507/1109 1303/1499/1103
f 1298/1492/1098 1301/1496/1101 1309/1507/1109
f 96/1500/96 93/1508/93 1310/1509/1110
f 96/1500/96 1310/1509/1110 1304/1501/1104
f 1305/1502/1105 1304/1501/1104 1311/1510/1111
f 1304/1501/1104 1310/1509/1110 1311/1510/1111
f 1306/1503/1106 37/1511/37 36/1504/36
f 1308/1506/1108 1312/1512/1112 43/1497/43
f 43/1497/43 1312/1512/1112 1306/1503/1106
f 1300/1494/1100 1303/1499/1103 1313/1513/1113
f 1300/1494/1100 1313/1513/1113 1307/1505/1107
f 1301/1496/1101 1305/1502/1105 1314/1514/1114
f 1301/1496/1101 1314/1514/1114 1309/1507/1109
f 93/1508/93 94/1515/94 1315/1516/1115
f 93/1508/93 1315/1516/1115 1310/1509/1110
f 1311/1510/1111 1310/1509/1110 1316/1517/1116
f 1310/1509/1110 1315/1516/1115 1316/1517/1116
f 37/1511/37 1317/1518/1117 42/1519/42
f 37/1511/37 1306/1503/1106 1317/1518/1117
f 1308/1506/1108 1307/1505/1107 1318/1520/1118
f 1308/1506/1108 1318/1520/1118 1312/1512/1112
f 1303/1499/1103 1319/1521/1119 1313/1513/1113
f 1307/1505/1107 1319/1521/1119 1318/1520/1118
f 1307/1505/1107 1313/1513/1113 1319/1521/1119
f 1303/1499/1103 1309/1507/1109 1319/1521/1119
f 1305/1502/1105 1320/1522/1120 1314/1514/1114
f 1305/1502/1105 1311/1510/1111 1320/1522/1120
f 94/1515/94 1321/1523/1121 1315/1516/1115
f 1316/1517/1116 1322/1524/1122 1311/1510/1111
f 1311/1510/1111 1322/1524/1122 1320/1522/1120
f 42/1519/42 1323/1525/1123 47/1526/47
f 42/1519/42 1317/1518/1117 1323/1525/1123
f 1306/1503/1106 1324/1527/1124 1317/1518/1117
f 1306/1503/1106 1312/1512/1112 1324/1527/1124
f 1318/1520/1118 1325/1528/1125 1326/1529/1126
f 1318/1520/1118 1319/1521/1119 1325/1528/1125
f 1312/1512/1112 1326/1529/1126 1324/1527/1124
f 1309/1507/1109 1314/1514/1114 1325/1528/1125
f 1309/1507/1109 1325/1528/1125 1319/1521/1119
f 1312/1512/1112 1318/1520/1118 1326/1529/1126
f 1321/1523/1121 1327/1530/1127 1315/1516/1115
f 1315/1516/1115 1327/1530/1127 1316/1517/1116
f 1322/1524/1122 1316/1517/1116 1328/1531/1128
f 1316/1517/1116 1327/1530/1127 1328/1531/1128
f 1320/1522/1120 1329/1532/1129 1314/1514/1114
f 1325/1528/1125 1314/1514/1114 1329/1532/1129
f 1325/1528/1125 1329/1532/1129 1326/1529/1126
f 47/1526/47 1330/1533/1130 48/1534/48
f 47/1526/47 1323/1525/1123 1330/1533/1130
f 1317/1518/1117 1324/1527/1124 1331/1535/1131
f 1317/1518/1117 1331/1535/1131 1323/1525/1123
f 1321/1523/1121 1332/1536/1132 1327/1530/1127
f 1322/1524/1122 1328/1531/1128 1333/1537/1133
f 1320/1522/1120 1322/1524/1122 1334/1538/1134
f 1322/1524/1122 1333/1537/1133 1334/1538/1134
f 1320/1522/1120 1334/1538/1134 1329/1532/1129
f 1326/1529/1126 1329/1532/1129 1335/1539/1135
f 1324/1527/1124 1326/1529/1126 1335/1539/1135
f 1324/1527/1124 1335/1539/1135 1331/1535/1131
f 1329/1532/1129 1334/1538/1134 1335/1539/1135
f 48/1534/48 1330/1533/1130 1336/1540/1136
f 1323/1525/1123 1331/1535/1131 1337/1541/1137
f 1323/1525/1123 1337/1541/1137 1330/1533/1130
f 1332/1536/1132 1338/1542/1138 1339/1543/1139
f 1327/1530/1127 1332/1536/1132 1339/1543/1139
f 1327/1530/1127 1339/1543/1139 1328/1531/1128
f 1333/1537/1133 1328/1531/1128 1340/1544/1140
f 1328/1531/1128 1339/1543/1139 1340/1544/1140
f 1334/1538/1134 1333/1537/1133 1341/1545/1141
f 1335/1539/1135 1342/1546/1142 1331/1535/1131
f 1331/1535/1131 1342/1546/1142 1337/1541/1137
f 1335/1539/1135 1334/1538/1134 1342/1546/1142
f 1336/1540/1136 1330/1533/1130 1343/1547/1143
f 1330/1533/1130 1337/1541/1137 1343/1547/1143
f 1338/1542/1138 1344/1548/1144 1345/1549/1145
f 1339/1543/1139 1345/1549/1145 1340/1544/1140
f 1339/1543/1139 1338/1542/1138 1345/1549/1145
f 1333/1537/1133 1340/1544/1140 1346/1550/1146
f 1333/1537/1133 1346/1550/1146 1341/1545/1141
f 1334/1538/1134 1341/1545/1141 1347/1551/1147
f 1334/1538/1134 1347/1551/1147 1342/1546/1142
f 1336/1540/1136 1343/1547/1143 1348/1552/1148
f 1337/1541/1137 1342/1546/1142 1349/1553/1149
f 1342/1546/1142 1347/1551/1147 1349/1553/1149
f 1337/1541/1137 1349/1553/1149 1343/1547/1143
f 1344/1548/1144 1350/1554/1150 1345/1549/1145
f 1340/1544/1140 1345/1549/1145 1351/1555/1151
f 1345/1549/1145 1350/1554/1150 1351/1555/1151
f 1340/1544/1140 1351/1555/1151 1346/1550/1146
f 1341/1545/1141 1346/1550/1146 1352/1556/1152
f 1348/1552/1148 1353/1557/1153 1354/1558/1154
f 1343/1547/1143 1349/1553/1149 1353/1557/1153
f 1343/1547/1143 1353/1557/1153 1348/1552/1148
f 1347/1551/1147 1355/1559/1155 1349/1553/1149
f 1349/1553/1149 1355/1559/1155 1353/1557/1153
f 1350/1554/1150 1356/1560/1156 1351/1555/1151
f 1341/1545/1141 1357/1561/1157 1347/1551/1147
f 1347/1551/1147 1357/1561/1157 1355/1559/1155
f 1341/1545/1141 1352/1556/1152 1357/1561/1157
f 1346/1550/1146 1358/1562/1158 1352/1556/1152
f 1351/1555/1151 1356/1560/1156 1358/1562/1158
f 1351/1555/1151 1358/1562/1158 1346/1550/1146
f 1354/1558/1154 1359/1563/1159 1360/1564/1160
f 1353/1557/1153 1355/1559/1155 1359/1563/1159
f 1353/1557/1153 1359/1563/1159 1354/1558/1154
f 1357/1561/1157 1352/1556/1152 1361/1565/1161
f 1356/1560/1156 1362/1566/1162 1358/1562/1158
f 1360/1564/1160 1359/1563/1159 1363/1567/1163
f 1355/1559/1155 1364/1568/1164 1359/1563/1159
f 1357/1561/1157 1364/1568/1164 1355/1559/1155
f 1357/1561/1157 1361/1565/1161 1364/1568/1164
f 1359/1563/1159 1364/1568/1164 1363/1567/1163
f 1352/1556/1152 1358/1562/1158 1365/1569/430
f 1358/1562/1158 1362/1566/1162 1365/1569/430
f 1352/1556/1152 1365/1569/430 1361/1565/1161
f 1364/1568/1164 1366/1570/1165 1363/1567/1163
f 1364/1568/1164 1361/1565/1161 1366/1570/1165
f 1362/1566/1162 1367/1571/1166 1365/1569/430
f 1361/1565/1161 1368/1572/1167 1366/1570/1165
f 1368/1572/1167 1365/1569/430 1367/1571/1166
f 1365/1569/430 1368/1572/1167 1361/1565/1161
f 1369/1573/1168 1370/1574/1169 1371/1575/1170
f 1370/1574/1169 1372/1576/1171 1371/1575/1170
f 1370/1574/1169 1373/1577/1172 1372/1576/1171
f 1371/1575/1170 1372/1576/1171 1374/1578/1173
f 1370/1574/1169 1375/1579/1174 1373/1577/1172
f 1372/1576/1171 1376/1580/1175 1374/1578/1173
f 1375/1579/1174 1377/1581/1176 1373/1577/1172
f 1372/1576/1171 1378/1582/1177 1376/1580/1175
f 1372/1576/1171 1373/1577/1172 1378/1582/1177
f 1374/1578/1173 1376/1580/1175 1379/1583/1178
f 1375/1579/1174 1380/1584/1179 1377/1581/1176
f 1373/1577/1172 1381/1585/1180 1378/1582/1177
f 1373/1577/1172 1377/1581/1176 1381/1585/1180
f 1376/1580/1175 1382/1586/1181 1379/1583/1178
f 1380/1584/1179 1383/1587/1182 1377/1581/1176
f 1378/1582/1177 1384/1588/1183 1376/1580/1175
f 1381/1585/1180 1385/1589/1184 1386/1590/1185
f 1377/1581/1176 1383/1587/1182 1385/1589/1184
f 1377/1581/1176 1385/1589/1184 1381/1585/1180
f 1382/1586/1181 1217/1591/1017 1216/1592/1016
f 1216/1592/1016 1379/1583/1178 1382/1586/1181
f 1380/1584/1179 1387/1593/1186 1383/1587/1182
f 1378/1582/1177 1381/1585/1180 1388/1594/1187
f 1381/1585/1180 1386/1590/1185 1388/1594/1187
f 1378/1582/1177 1388/1594/1187 1384/1588/1183
f 1376/1580/1175 1384/1588/1183 1389/1595/1188
f 1376/1580/1175 1389/1595/1188 1382/1586/1181
f 1385/1589/1184 1390/1596/1189 1386/1590/1185
f 1217/1591/1017 1391/1597/1190 1220/1598/1020
f 1382/1586/1181 1389/1595/1188 1391/1597/1190
f 1382/1586/1181 1391/1597/1190 1217/1591/1017
f 1387/1593/1186 1392/1599/1191 1383/1587/1182
f 1388/1594/1187 1386/1590/1185 1393/1600/1192
f 1388/1594/1187 1393/1600/1192 1384/1588/1183
f 1385/1589/1184 1394/1601/1193 1390/1596/1189
f 1383/1587/1182 1392/1599/1191 1394/1601/1193
f 1383/1587/1182 1394/1601/1193 1385/1589/1184
f 1220/1598/1020 1395/1602/1194 1225/1603/1025
f 1220/1598/1020 1391/1597/1190 1395/1602/1194
f 1389/1595/1188 1396/1604/1195 1397/1605/1196
f 1389/1595/1188 1384/1588/1183 1396/1604/1195
f 1391/1597/1190 1397/1605/1196 1395/1602/1194
f 1391/1597/1190 1389/1595/1188 1397/1605/1196
f 1384/1588/1183 1393/1600/1192 1396/1604/1195
f 1386/1590/1185 1398/1606/1197 1393/1600/1192
f 1390/1596/1189 1399/1607/1198 1386/1590/1185
f 1386/1590/1185 1399/1607/1198 1398/1606/1197
f 1392/1599/1191 1400/1608/1199 1394/1601/1193
f 1225/1603/1025 1401/1609/1200 85/1610/85
f 1225/1603/1025 1395/1602/1194 1401/1609/1200
f 1397/1605/1196 1396/1604/1195 1402/1611/1201
f 1393/1600/1192 1398/1606/1197 1402/1611/1201
f 1393/1600/1192 1402/1611/1201 1396/1604/1195
f 1390/1596/1189 1403/1612/1202 1404/1613/1203
f 1390/1596/1189 1404/1613/1203 1399/1607/1198
f 1394/1601/1193 1400/1608/1199 1403/1612/1202
f 1394/1601/1193 1403/1612/1202 1390/1596/1189
f 85/1610/85 1401/1609/1200 78/1614/78
f 1395/1602/1194 1397/1605/1196 1405/1615/1204
f 1397/1605/1196 1402/1611/1201 1405/1615/1204
f 1395/1602/1194 1405/1615/1204 1401/1609/1200
f 1398/1606/1197 1399/1607/1198 1406/1616/1205
f 1404/1613/1203 1407/1617/1206 1408/1618/1207
f 1400/1608/1199 1409/1619/1208 1403/1612/1202
f 1403/1612/1202 1407/1617/1206 1404/1613/1203
f 1403/1612/1202 1409/1619/1208 1407/1617/1206
f 78/1614/78 1410/1620/1209 71/1621/71
f 1401/1609/1200 1405/1615/1204 1410/1620/1209
f 1401/1609/1200 1410/1620/1209 78/1614/78
f 1402/1611/1201 1411/1622/1210 1412/1623/1211
f 1402/1611/1201 1398/1606/1197 1411/1622/1210
f 1405/1615/1204 1402/1611/1201 1412/1623/1211
f 1405/1615/1204 1412/1623/1211 1410/1620/1209
f 1398/1606/1197 1406/1616/1205 1411/1622/1210
f 1399/1607/1198 1413/1624/1212 1406/1616/1205
f 1404/1613/1203 1408/1618/1207 1413/1624/1212
f 1404/1613/1203 1413/1624/1212 1399/1607/1198
f 1409/1619/1208 1414/1625/1213 1407/1617/1206
f 71/1621/71 1415/1626/1214 69/1627/69
f 1410/1620/1209 1412/1623/1211 1415/1626/1214
f 1410/1620/1209 1415/1626/1214 71/1621/71
f 1411/1622/1210 1416/1628/1215 1417/1629/1216
f 1411/1622/1210 1406/1616/1205 1416/1628/1215
f 1412/1623/1211 1411/1622/1210 1417/1629/1216
f 1412/1623/1211 1417/1629/1216 1415/1626/1214
f 1408/1618/1207 1418/1630/1217 1419/1631/1218
f 1413/1624/1212 1420/1632/1219 1406/1616/1205
f 1413/1624/1212 1408/1618/1207 1419/1631/1218
f 1413/1624/1212 1419/1631/1218 1420/1632/1219
f 1406/1616/1205 1420/1632/1219 1416/1628/1215
f 1409/1619/1208 1421/1633/1220 1414/1625/1213
f 1407/1617/1206 1422/1634/1221 1408/1618/1207
f 1408/1618/1207 1422/1634/1221 1418/1630/1217
f 1407/1617/1206 1414/1625/1213 1422/1634/1221
f 69/1627/69 1415/1626/1214 1423/1635/1222
f 1415/1626/1214 1417/1629/1216 1423/1635/1222
f 1419/1631/1218 1424/1636/1223 1425/1637/1224
f 1419/1631/1218 1425/1637/1224 1420/1632/1219
f 1419/1631/1218 1418/1630/1217 1424/1636/1223
f 1416/1628/1215 1426/1638/1225 1427/1639/1226
f 1416/1628/1215 1427/1639/1226 1417/1629/1216
f 1420/1632/1219 1425/1637/1224 1426/1638/1225
f 1425/1637/1224 1424/1636/1223 1426/1638/1225
f 1420/1632/1219 1426/1638/1225 1416/1628/1215
f 1417/1629/1216 1427/1639/1226 1423/1635/1222
f 1421/1633/1220 1428/1640/1227 1429/1641/1228
f 1421/1633/1220 1429/1641/1228 1414/1625/1213
f 1422/1634/1221 1430/1642/1229 1418/1630/1217
f 69/1627/69 1431/1643/1230 77/1644/77
f 69/1627/69 1423/1635/1222 1431/1643/1230
f 1424/1636/1223 1418/1630/1217 1432/1645/1231
f 1418/1630/1217 1430/1642/1229 1432/1645/1231
f 1426/1638/1225 1433/1646/1232 1427/1639/1226
f 1424/1636/1223 1432/1645/1231 1433/1646/1232
f 1424/1636/1223 1433/1646/1232 1426/1638/1225
f 1428/1640/1227 1434/1647/1233 1429/1641/1228
f 1414/1625/1213 1435/1648/1234 1422/1634/1221
f 1422/1634/1221 1435/1648/1234 1430/1642/1229
f 1414/1625/1213 1429/1641/1228 1435/1648/1234
f 77/1644/77 1431/1643/1230 1436/1649/1235
f 1423/1635/1222 1427/1639/1226 1437/1650/1236
f 1427/1639/1226 1433/1646/1232 1437/1650/1236
f 1423/1635/1222 1437/1650/1236 1431/1643/1230
f 1432/1645/1231 1430/1642/1229 1438/1651/1237
f 1428/1640/1227 1439/1652/1238 1434/1647/1233
f 1429/1641/1228 1440/1653/1239 1435/1648/1234
f 1429/1641/1228 1434/1647/1233 1440/1653/1239
f 77/1644/77 1436/1649/1235 84/1654/84
f 1433/1646/1232 1432/1645/1231 1441/1655/1240
f 1432/1645/1231 1438/1651/1237 1441/1655/1240
f 1433/1646/1232 1441/1655/1240 1437/1650/1236
f 1431/1643/1230 1437/1650/1236 1442/1656/1241
f 1437/1650/1236 1441/1655/1240 1442/1656/1241
f 1431/1643/1230 1442/1656/1241 1436/1649/1235
f 1430/1642/1229 1435/1648/1234 1443/1657/1242
f 1435/1648/1234 1440/1653/1239 1443/1657/1242
f 1430/1642/1229 1443/1657/1242 1438/1651/1237
f 1439/1652/1238 1367/1658/1166 1362/1659/1162
f 1439/1652/1238 1362/1659/1162 1434/1647/1233
f 84/1654/84 1436/1649/1235 1444/1660/1243
f 1441/1655/1240 1445/1661/1244 1442/1656/1241
f 1441/1655/1240 1438/1651/1237 1445/1661/1244
f 1440/1653/1239 1356/1662/1156 1350/1663/1150
f 1356/1662/1156 1434/1647/1233 1362/1659/1162
f 1440/1653/1239 1350/1663/1150 1443/1657/1242
f 1440/1653/1239 1434/1647/1233 1356/1662/1156
f 84/1654/84 1444/1660/1243 90/1664/90
f 1436/1649/1235 1442/1656/1241 1446/1665/1245
f 1442/1656/1241 1445/1661/1244 1446/1665/1245
f 1436/1649/1235 1446/1665/1245 1444/1660/1243
f 1438/1651/1237 1443/1657/1242 1344/1666/1144
f 1443/1657/1242 1350/1663/1150 1344/1666/1144
f 1438/1651/1237 1344/1666/1144 1445/1661/1244
f 90/1664/90 1321/1667/1121 94/1668/94
f 90/1664/90 1444/1660/1243 1321/1667/1121
f 1446/1665/1245 1445/1661/1244 1338/1669/1138
f 1445/1661/1244 1344/1666/1144 1338/1669/1138
f 1444/1660/1243 1446/1665/1245 1332/1670/1132
f 1332/1670/1132 1321/1667/1121 1444/1660/1243
f 1332/1670/1132 1446/1665/1245 1338/1669/1138
f 1369/1671/1168 1447/1672/1246 1370/1673/1169
f 1447/1672/1246 1448/1674/1247 1370/1673/1169
f 1447/1672/1246 1449/1675/1248 1448/1674/1247
f 1370/1673/1169 1448/1674/1247 1450/1676/1249
f 1449/1675/1248 1451/1677/1250 1452/1678/1251
f 1449/1675/1248 1452/1678/1251 1448/1674/1247
f 1370/1673/1169 1450/1676/1249 1375/1679/1174
f 1451/1677/1250 1453/1680/1252 1452/1678/1251
f 1448/1674/1247 1452/1678/1251 1454/1681/1253
f 1448/1674/1247 1454/1681/1253 1450/1676/1249
f 1375/1679/1174 1450/1676/1249 1455/1682/1254
f 1451/1677/1250 1262/1683/1062 1453/1680/1252
f 1452/1678/1251 1456/1684/1255 1457/1685/1256
f 1452/1678/1251 1457/1685/1256 1454/1681/1253
f 1452/1678/1251 1453/1680/1252 1456/1684/1255
f 1375/1679/1174 1455/1682/1254 1380/1686/1179
f 1450/1676/1249 1454/1681/1253 1458/1687/1257
f 1450/1676/1249 1458/1687/1257 1455/1682/1254
f 1262/1683/1062 1253/1688/1053 1453/1680/1252
f 1457/1685/1256 1459/1689/1258 1460/1690/1259
f 1454/1681/1253 1460/1690/1259 1458/1687/1257
f 1454/1681/1253 1457/1685/1256 1460/1690/1259
f 1456/1684/1255 1461/1691/1260 1462/1692/1261
f 1457/1685/1256 1462/1692/1261 1459/1689/1258
f 1457/1685/1256 1456/1684/1255 1462/1692/1261
f 1380/1686/1179 1455/1682/1254 1463/1693/1262
f 1253/1688/1053 1264/1694/1064 1464/1695/1263
f 1456/1684/1255 1453/1680/1252 1464/1695/1263
f 1453/1680/1252 1253/1688/1053 1464/1695/1263
f 1456/1684/1255 1464/1695/1263 1461/1691/1260
f 1458/1687/1257 1460/1690/1259 1465/1696/1264
f 1460/1690/1259 1459/1689/1258 1465/1696/1264
f 1462/1692/1261 1461/1691/1260 1466/1697/1265
f 1462/1692/1261 1466/1697/1265 1459/1689/1258
f 1380/1686/1179 1463/1693/1262 1387/1698/1186
f 1455/1682/1254 1467/1699/1266 1463/1693/1262
f 1458/1687/1257 1465/1696/1264 1467/1699/1266
f 1458/1687/1257 1467/1699/1266 1455/1682/1254
f 1264/1694/1064 1468/1700/1267 1464/1695/1263
f 1464/1695/1263 1468/1700/1267 1461/1691/1260
f 1466/1697/1265 1469/1701/1268 1470/1702/1269
f 1459/1689/1258 1471/1703/1270 1465/1696/1264
f 1459/1689/1258 1466/1697/1265 1471/1703/1270
f 1387/1698/1186 1463/1693/1262 1392/1704/1191
f 1467/1699/1266 1465/1696/1264 1472/1705/1271
f 1264/1694/1064 1276/1706/1076 1468/1700/1267
f 1461/1691/1260 1473/1707/1272 1466/1697/1265
f 1466/1697/1265 1473/1707/1272 1469/1701/1268
f 1466/1697/1265 1470/1702/1269 1471/1703/1270
f 1461/1691/1260 1468/1700/1267 1473/1707/1272
f 1463/1693/1262 1474/1708/1273 1392/1704/1191
f 1467/1699/1266 1474/1708/1273 1463/1693/1262
f 1467/1699/1266 1472/1705/1271 1474/1708/1273
f 1465/1696/1264 1475/1709/1274 1472/1705/1271
f 1465/1696/1264 1471/1703/1270 1475/1709/1274
f 1276/1706/1076 40/1710/40 1476/1711/1275
f 1468/1700/1267 1276/1706/1076 1476/1711/1275
f 1468/1700/1267 1476/1711/1275 1473/1707/1272
f 1469/1701/1268 1477/1712/1276 1470/1702/1269
f 1392/1704/1191 1474/1708/1273 1400/1713/1199
f 1472/1705/1271 1478/1714/1277 1479/1715/1278
f 1472/1705/1271 1475/1709/1274 1478/1714/1277
f 1474/1708/1273 1472/1705/1271 1479/1715/1278
f 1474/1708/1273 1479/1715/1278 1400/1713/1199
f 1471/1703/1270 1480/1716/1279 1475/1709/1274
f 1471/1703/1270 1470/1702/1269 1480/1716/1279
f 40/1710/40 32/1717/32 1476/1711/1275
f 1473/1707/1272 1481/1718/1280 1469/1701/1268
f 1476/1711/1275 32/1717/32 1481/1718/1280
f 1476/1711/1275 1481/1718/1280 1473/1707/1272
f 1477/1712/1276 1482/1719/1281 1483/1720/1282
f 1470/1702/1269 1477/1712/1276 1483/1720/1282
f 1470/1702/1269 1483/1720/1282 1480/1716/1279
f 1478/1714/1277 1484/1721/1283 1479/1715/1278
f 1400/1713/1199 1479/1715/1278 1409/1722/1208
f 1479/1715/1278 1484/1721/1283 1409/1722/1208
f 1475/1709/1274 1480/1716/1279 1485/1723/1284
f 1475/1709/1274 1485/1723/1284 1478/1714/1277
f 1469/1701/1268 1486/1724/1285 1477/1712/1276
f 1469/1701/1268 1481/1718/1280 1486/1724/1285
f 32/1717/32 25/1725/25 1481/1718/1280
f 1481/1718/1280 25/1725/25 1486/1724/1285
f 1482/1719/1281 1487/1726/1286 1483/1720/1282
f 1484/1721/1283 1488/1727/1287 1409/1722/1208
f 1480/1716/1279 1489/1728/1288 1485/1723/1284
f 1483/1720/1282 1487/1726/1286 1489/1728/1288
f 1483/1720/1282 1489/1728/1288 1480/1716/1279
f 1478/1714/1277 1490/1729/1289 1484/1721/1283
f 1478/1714/1277 1485/1723/1284 1490/1729/1289
f 1477/1712/1276 1491/1730/1290 1482/1719/1281
f 1477/1712/1276 1486/1724/1285 1491/1730/1290
f 25/1725/25 24/1731/24 1486/1724/1285
f 1486/1724/1285 24/1731/24 1491/1730/1290
f 1488/1727/1287 1421/1732/1220 1409/1722/1208
f 1487/1726/1286 1492/1733/1291 1489/1728/1288
f 1484/1721/1283 1490/1729/1289 1493/1734/1292
f 1484/1721/1283 1493/1734/1292 1488/1727/1287
f 1485/1723/1284 1494/1735/1293 1490/1729/1289
f 1489/1728/1288 1492/1733/1291 1494/1735/1293
f 1489/1728/1288 1494/1735/1293 1485/1723/1284
f 1482/1719/1281 1491/1730/1290 1495/1736/1294
f 24/1731/24 38/1737/38 1496/1738/1295
f 1491/1730/1290 24/1731/24 1496/1738/1295
f 1491/1730/1290 1496/1738/1295 1495/1736/1294
f 1421/1732/1220 1488/1727/1287 1497/1739/1296
f 1487/1726/1286 1482/1719/1281 1498/1740/1297
f 1482/1719/1281 1495/1736/1294 1498/1740/1297
f 1493/1734/1292 1490/1729/1289 1499/1741/1298
f 1490/1729/1289 1494/1735/1293 1499/1741/1298
f 1492/1733/1291 1500/1742/1299 1494/1735/1293
f 1487/1726/1286 1498/1740/1297 1500/1742/1299
f 1487/1726/1286 1500/1742/1299 1492/1733/1291
f 1494/1735/1293 1500/1742/1299 1499/1741/1298
f 38/1737/38 44/1743/44 1501/1744/1300
f 38/1737/38 1501/1744/1300 1496/1738/1295
f 1421/1732/1220 1497/1739/1296 1428/1745/1227
f 1488/1727/1287 1493/1734/1292 1502/1746/1301
f 1488/1727/1287 1502/1746/1301 1497/1739/1296
f 1495/1736/1294 1496/1738/1295 1503/1747/1302
f 1496/1738/1295 1501/1744/1300 1503/1747/1302
f 1498/1740/1297 1504/1748/1303 1500/1742/1299
f 1500/1742/1299 1504/1748/1303 1499/1741/1298
f 44/1743/44 46/1749/46 1505/1750/1304
f 44/1743/44 1505/1750/1304 1501/1744/1300
f 1428/1745/1227 1497/1739/1296 1506/1751/1305
f 1493/1734/1292 1499/1741/1298 1507/1752/1306
f 1499/1741/1298 1504/1748/1303 1507/1752/1306
f 1493/1734/1292 1507/1752/1306 1502/1746/1301
f 1495/1736/1294 1508/1753/1307 1498/1740/1297
f 1498/1740/1297 1508/1753/1307 1504/1748/1303
f 1495/1736/1294 1503/1747/1302 1508/1753/1307
f 46/1749/46 1336/1754/1136 1505/1750/1304
f 1501/1744/1300 1509/1755/1308 1503/1747/1302
f 1501/1744/1300 1505/1750/1304 1509/1755/1308
f 1428/1745/1227 1506/1751/1305 1439/1756/1238
f 1497/1739/1296 1502/1746/1301 1510/1757/1309
f 1497/1739/1296 1510/1757/1309 1506/1751/1305
f 1507/1752/1306 1511/1758/1310 1502/1746/1301
f 1502/1746/1301 1511/1758/1310 1510/1757/1309
f 1504/1748/1303 1512/1759/1311 1507/1752/1306
f 1507/1752/1306 1512/1759/1311 1511/1758/1310
f 1504/1748/1303 1508/1753/1307 1512/1759/1311
f 46/1749/46 48/1760/48 1336/1754/1136
f 1503/1747/1302 1509/1755/1308 1513/1761/1312
f 1508/1753/1307 1503/1747/1302 1513/1761/1312
f 1508/1753/1307 1513/1761/1312 1512/1759/1311
f 1505/1750/1304 1336/1754/1136 1348/1762/1148
f 1505/1750/1304 1348/1762/1148 1509/1755/1308
f 1439/1756/1238 1506/1751/1305 1368/1763/1167
f 1510/1757/1309 1363/1764/1163 1366/1765/1165
f 1366/1765/1165 1368/1763/1167 1506/1751/1305
f 1510/1757/1309 1511/1758/1310 1363/1764/1163
f 1510/1757/1309 1366/1765/1165 1506/1751/1305
f 1513/1761/1312 1354/1766/1154 1360/1767/1160
f 1360/1767/1160 1511/1758/1310 1512/1759/1311
f 1360/1767/1160 1363/1764/1163 1511/1758/1310
f 1354/1766/1154 1509/1755/1308 1348/1762/1148
f 1513/1761/1312 1360/1767/1160 1512/1759/1311
f 1513/1761/1312 1509/1755/1308 1354/1766/1154
f 1439/1756/1238 1368/1763/1167 1367/1768/1166
f 1514/1769/1313 1515/1770/769 1516/1771/1314
f 1514/1769/1313 1517/1772/1315 1515/1770/769
f 1514/1769/1313 1516/1771/1314 1518/1773/1316
f 1514/1769/1313 1519/1774/1317 1517/1772/1315
f 1514/1769/1313 1518/1773/1316 1520/1775/1318
f 1514/1769/1313 1521/1776/1319 1519/1774/1317
f 1514/1769/1313 1520/1775/1318 1521/1776/1319
f 1516/1771/1314 1522/1777/1320 1518/1773/1316
f 1519/1774/1317 1521/1776/1319 1523/1778/1321
f 1520/1775/1318 1518/1773/1316 1524/1779/1322
f 1520/1775/1318 1525/1780/1323 1521/1776/1319
f 1520/1775/1318 1524/1779/1322 1525/1780/1323
f 1521/1776/1319 1525/1780/1323 1523/1778/1321
f 1522/1777/1320 1526/1781/1324 1518/1773/1316
f 1522/1777/1320 1527/1782/1325 1526/1781/1324
f 1518/1773/1316 1526/1781/1324 1524/1779/1322
f 1525/1780/1323 1528/1783/1326 1523/1778/1321
f 1525/1780/1323 1524/1779/1322 1529/1784/1327
f 1525/1780/1323 1529/1784/1327 1528/1783/1326
f 1527/1782/1325 1530/1785/1328 1526/1781/1324
f 1527/1782/1325 1531/1786/1329 1530/1785/1328
f 1524/1779/1322 1532/1787/1330 1529/1784/1327
f 1524/1779/1322 1526/1781/1324 1532/1787/1330
f 1526/1781/1324 1530/1785/1328 1532/1787/1330
f 1528/1783/1326 1529/1784/1327 1533/1788/1331
f 1531/1786/1329 1534/1789/1332 1530/1785/1328
f 1531/1786/1329 1535/1790/1333 1534/1789/1332
f 1532/1787/1330 1536/1791/1334 1529/1784/1327
f 1532/1787/1330 1530/1785/1328 1537/1792/1335
f 1532/1787/1330 1537/1792/1335 1536/1791/1334
f 1530/1785/1328 1534/1789/1332 1537/1792/1335
f 1529/1784/1327 1536/1791/1334 1533/1788/1331
f 1535/1790/1333 1538/1793/1336 1534/1789/1332
f 1535/1790/1333 1539/1794/1337 1538/1793/1336
f 1537/1792/1335 1540/1795/1338 1536/1791/1334
f 1537/1792/1335 1534/1789/1332 1541/1796/1339
f 1537/1792/1335 1541/1796/1339 1540/1795/1338
f 1534/1789/1332 1538/1793/1336 1541/1796/1339
f 1533/1788/1331 1536/1791/1334 1542/1797/1340
f 1536/1791/1334 1540/1795/1338 1542/1797/1340
f 1539/1794/1337 1543/1798/1341 1538/1793/1336
f 1539/1794/1337 1544/1799/1342 1543/1798/1341
f 1541/1796/1339 1545/1800/1343 1540/1795/1338
f 1541/1796/1339 1538/1793/1336 1546/1801/1344
f 1541/1796/1339 1546/1801/1344 1545/1800/1343
f 1538/1793/1336 1543/1798/1341 1546/1801/1344
f 1542/1797/1340 1540/1795/1338 1547/1802/1345
f 1540/1795/1338 1545/1800/1343 1547/1802/1345
f 1544/1799/1342 1548/1803/1346 1543/1798/1341
f 1544/1799/1342 1549/1804/1347 1548/1803/1346
f 1546/1801/1344 1550/1805/1348 1545/1800/1343
f 1546/1801/1344 1543/1798/1341 1551/1806/1349
f 1546/1801/1344 1551/1806/1349 1550/1805/1348
f 1543/1798/1341 1548/1803/1346 1551/1806/1349
f 1547/1802/1345 1545/1800/1343 1552/1807/1350
f 1545/1800/1343 1550/1805/1348 1552/1807/1350
f 1549/1804/1347 1277/1808/1351 1548/1803/1346
f 1549/1804/1347 1270/1809/1352 1277/1808/1351
f 1551/1806/1349 1285/1810/1353 1550/1805/1348
f 1551/1806/1349 1548/1803/1346 1281/1811/1354
f 1551/1806/1349 1281/1811/1354 1285/1810/1353
f 1281/1811/1354 1548/1803/1346 1277/1808/1351
f 1552/1807/1350 1550/1805/1348 1289/1812/1355
f 1289/1812/1355 1550/1805/1348 1285/1810/1353
f 1553/1813/1356 1270/1814/1352 1549/1815/1347
f 1553/1813/1356 1255/1816/1357 1270/1814/1352
f 1553/1813/1356 1549/1815/1347 1544/1817/1342
f 1553/1813/1356 1256/1818/1358 1255/1816/1357
f 1553/1813/1356 1544/1817/1342 1554/1819/1359
f 1553/1813/1356 1555/1820/1360 1256/1818/1358
f 1553/1813/1356 1554/1819/1359 1555/1820/1360
f 1544/1817/1342 1539/1821/1337 1554/1819/1359
f 1256/1818/1358 1555/1820/1360 1257/1822/1361
f 1539/1821/1337 1556/1823/1362 1554/1819/1359
f 1539/1821/1337 1535/1824/1333 1556/1823/1362
f 1555/1820/1360 1557/1825/1363 1257/1822/1361
f 1555/1820/1360 1554/1819/1359 1558/1826/1364
f 1555/1820/1360 1558/1826/1364 1557/1825/1363
f 1554/1819/1359 1556/1823/1362 1558/1826/1364
f 1535/1824/1333 1559/1827/1365 1556/1823/1362
f 1535/1824/1333 1531/1828/1329 1559/1827/1365
f 1257/1822/1361 1557/1825/1363 1265/1829/1366
f 1558/1826/1364 1556/1823/1362 1560/1830/1367
f 1558/1826/1364 1561/1831/1368 1557/1825/1363
f 1558/1826/1364 1560/1830/1367 1561/1831/1368
f 1556/1823/1362 1559/1827/1365 1560/1830/1367
f 1531/1828/1329 1562/1832/1369 1559/1827/1365
f 1531/1828/1329 1527/1833/1325 1562/1832/1369
f 1265/1829/1366 1557/1825/1363 1563/1834/1370
f 1557/1825/1363 1561/1831/1368 1563/1834/1370
f 1560/1830/1367 1559/1827/1365 1564/1835/1371
f 1560/1830/1367 1565/1836/1372 1561/1831/1368
f 1560/1830/1367 1564/1835/1371 1565/1836/1372
f 1559/1827/1365 1562/1832/1369 1564/1835/1371
f 1527/1833/1325 1566/1837/1373 1562/1832/1369
f 1527/1833/1325 1522/1838/1320 1566/1837/1373
f 1563/1834/1370 1561/1831/1368 1567/1839/1374
f 1561/1831/1368 1565/1836/1372 1567/1839/1374
f 1564/1835/1371 1562/1832/1369 1568/1840/1375
f 1564/1835/1371 1569/1841/1376 1565/1836/1372
f 1564/1835/1371 1568/1840/1375 1569/1841/1376
f 1562/1832/1369 1566/1837/1373 1568/1840/1375
f 1522/1838/1320 1570/1842/1377 1566/1837/1373
f 1522/1838/1320 1516/1843/1314 1570/1842/1377
f 1567/1839/1374 1565/1836/1372 1571/1844/1378
f 1565/1836/1372 1569/1841/1376 1571/1844/1378
f 1568/1840/1375 1566/1837/1373 1572/1845/1379
f 1568/1840/1375 1573/1846/1380 1569/1841/1376
f 1568/1840/1375 1572/1845/1379 1573/1846/1380
f 1566/1837/1373 1570/1842/1377 1572/1845/1379
f 1516/1843/1314 1574/1847/1381 1570/1842/1377
f 1516/1843/1314 1515/1848/769 1574/1847/1381
f 1571/1844/1378 1569/1841/1376 1575/1849/1382
f 1569/1841/1376 1573/1846/1380 1575/1849/1382
f 1572/1845/1379 1570/1842/1377 1576/1850/1383
f 1572/1845/1379 1577/1851/1384 1573/1846/1380
f 1572/1845/1379 1576/1850/1383 1577/1851/1384
f 1570/1842/1377 1574/1847/1381 1576/1850/1383
f 1515/1848/769 1578/1852/1385 1574/1847/1381
f 1575/1849/1382 1573/1846/1380 1579/1853/1386
f 1573/1846/1380 1577/1851/1384 1579/1853/1386
f 1576/1850/1383 1574/1847/1381 1580/1854/1387
f 1576/1850/1383 1580/1854/1387 1577/1851/1384
f 1578/1852/1385 1581/1855/1388 1574/1847/1381
f 1574/1847/1381 1581/1855/1388 1580/1854/1387
f 1579/1853/1386 1577/1851/1384 1582/1856/1389
f 1582/1856/1389 1580/1854/1387 1581/1855/1388
f 1582/1856/1389 1577/1851/1384 1580/1854/1387
f 1583/1857/1390 1584/1858/1391 1515/1859/769
f 1583/1857/1390 1585/1860/1392 1584/1858/1391
f 1583/1857/1390 1515/1859/769 1517/1861/1315
f 1583/1857/1390 1586/1862/1393 1585/1860/1392
f 1583/1857/1390 1517/1861/1315 1519/1863/1317
f 1583/1857/1390 1587/1864/1394 1586/1862/1393
f 1583/1857/1390 1519/1863/1317 1587/1864/1394
f 1584/1858/1391 1585/1860/1392 1588/1865/1395
f 1586/1862/1393 1587/1864/1394 1589/1866/1396
f 1586/1862/1393 1590/1867/1397 1585/1860/1392
f 1586/1862/1393 1589/1866/1396 1590/1867/1397
f 1519/1863/1317 1523/1868/1321 1587/1864/1394
f 1587/1864/1394 1523/1868/1321 1589/1866/1396
f 1588/1865/1395 1585/1860/1392 1591/1869/1398
f 1588/1865/1395 1591/1869/1398 1592/1870/1399
f 1585/1860/1392 1590/1867/1397 1591/1869/1398
f 1523/1868/1321 1528/1871/1326 1589/1866/1396
f 1592/1870/1399 1591/1869/1398 1593/1872/1400
f 1592/1870/1399 1593/1872/1400 1594/1873/1401
f 1590/1867/1397 1589/1866/1396 1595/1874/1402
f 1590/1867/1397 1596/1875/1403 1591/1869/1398
f 1590/1867/1397 1595/1874/1402 1596/1875/1403
f 1591/1869/1398 1596/1875/1403 1593/1872/1400
f 1589/1866/1396 1528/1871/1326 1595/1874/1402
f 1594/1873/1401 1593/1872/1400 1597/1876/1404
f 1594/1873/1401 1597/1876/1404 1598/1877/1405
f 1596/1875/1403 1595/1874/1402 1599/1878/1406
f 1596/1875/1403 1600/1879/1407 1593/1872/1400
f 1596/1875/1403 1599/1878/1406 1600/1879/1407
f 1593/1872/1400 1600/1879/1407 1597/1876/1404
f 1528/1871/1326 1533/1880/1331 1595/1874/1402
f 1595/1874/1402 1533/1880/1331 1599/1878/1406
f 1598/1877/1405 1597/1876/1404 1601/1881/1408
f 1598/1877/1405 1601/1881/1408 1602/1882/1409
f 1600/1879/1407 1599/1878/1406 1603/1883/1410
f 1600/1879/1407 1604/1884/1411 1597/1876/1404
f 1600/1879/1407 1603/1883/1410 1604/1884/1411
f 1597/1876/1404 1604/1884/1411 1601/1881/1408
f 1533/1880/1331 1542/1885/1340 1599/1878/1406
f 1599/1878/1406 1542/1885/1340 1603/1883/1410
f 1602/1882/1409 1601/1881/1408 1605/1886/1412
f 1602/1882/1409 1605/1886/1412 1606/1887/1413
f 1604/1884/1411 1603/1883/1410 1607/1888/1414
f 1604/1884/1411 1608/1889/1415 1601/1881/1408
f 1604/1884/1411 1607/1888/1414 1608/1889/1415
f 1601/1881/1408 1608/1889/1415 1605/1886/1412
f 1542/1885/1340 1547/1890/1345 1603/1883/1410
f 1603/1883/1410 1547/1890/1345 1607/1888/1414
f 1606/1887/1413 1605/1886/1412 1609/1891/1416
f 1606/1887/1413 1609/1891/1416 1610/1892/1417
f 1608/1889/1415 1607/1888/1414 1611/1893/1418
f 1608/1889/1415 1612/1894/1419 1605/1886/1412
f 1608/1889/1415 1611/1893/1418 1612/1894/1419
f 1605/1886/1412 1612/1894/1419 1609/1891/1416
f 1547/1890/1345 1552/1895/1350 1607/1888/1414
f 1607/1888/1414 1552/1895/1350 1611/1893/1418
f 1610/1892/1417 1609/1891/1416 1279/1896/1420
f 1610/1892/1417 1279/1896/1420 1278/1897/1421
f 1612/1894/1419 1611/1893/1418 1286/1898/1422
f 1612/1894/1419 1282/1899/1423 1609/1891/1416
f 1612/1894/1419 1286/1898/1422 1282/1899/1423
f 1282/1899/1423 1279/1896/1420 1609/1891/1416
f 1552/1895/1350 1289/1900/1355 1611/1893/1418
f 1611/1893/1418 1289/1900/1355 1286/1898/1422
f 1613/1901/1424 1610/1902/1417 1278/1903/1421
f 1613/1901/1424 1606/1904/1413 1610/1902/1417
f 1613/1901/1424 1278/1903/1421 1275/1905/1425
f 1613/1901/1424 1614/1906/1426 1606/1904/1413
f 1613/1901/1424 1275/1905/1425 1268/1907/1427
f 1613/1901/1424 1615/1908/1428 1614/1906/1426
f 1613/1901/1424 1268/1907/1427 1615/1908/1428
f 1606/1904/1413 1614/1906/1426 1602/1909/1409
f 1268/1907/1427 1271/1910/1429 1615/1908/1428
f 1614/1906/1426 1616/1911/1430 1602/1909/1409
f 1614/1906/1426 1615/1908/1428 1617/1912/1431
f 1614/1906/1426 1617/1912/1431 1616/1911/1430
f 1271/1910/1429 1618/1913/1432 1615/1908/1428
f 1271/1910/1429 1265/1914/1366 1618/1913/1432
f 1615/1908/1428 1618/1913/1432 1617/1912/1431
f 1602/1909/1409 1616/1911/1430 1598/1915/1405
f 1265/1914/1366 1563/1916/1370 1618/1913/1432
f 1617/1912/1431 1619/1917/1433 1616/1911/1430
f 1617/1912/1431 1618/1913/1432 1620/1918/1434
f 1617/1912/1431 1620/1918/1434 1619/1917/1433
f 1618/1913/1432 1563/1916/1370 1620/1918/1434
f 1598/1915/1405 1616/1911/1430 1621/1919/1435
f 1598/1915/1405 1621/1919/1435 1594/1920/1401
f 1616/1911/1430 1619/1917/1433 1621/1919/1435
f 1563/1916/1370 1567/1921/1374 1620/1918/1434
f 1594/1920/1401 1621/1919/1435 1622/1922/1436
f 1594/1920/1401 1622/1922/1436 1592/1923/1399
f 1619/1917/1433 1620/1918/1434 1623/1924/1437
f 1619/1917/1433 1624/1925/1438 1621/1919/1435
f 1619/1917/1433 1623/1924/1437 1624/1925/1438
f 1621/1919/1435 1624/1925/1438 1622/1922/1436
f 1620/1918/1434 1567/1921/1374 1623/1924/1437
f 1592/1923/1399 1622/1922/1436 1625/1926/1439
f 1592/1923/1399 1625/1926/1439 1588/1927/1395
f 1624/1925/1438 1623/1924/1437 1626/1928/1440
f 1624/1925/1438 1627/1929/1441 1622/1922/1436
f 1624/1925/1438 1626/1928/1440 1627/1929/1441
f 1622/1922/1436 1627/1929/1441 1625/1926/1439
f 1567/1921/1374 1571/1930/1378 1623/1924/1437
f 1623/1924/1437 1571/1930/1378 1626/1928/1440
f 1588/1927/1395 1625/1926/1439 1628/1931/1442
f 1588/1927/1395 1628/1931/1442 1584/1932/1391
f 1627/1929/1441 1626/1928/1440 1629/1933/1443
f 1627/1929/1441 1630/1934/1444 1625/1926/1439
f 1627/1929/1441 1629/1933/1443 1630/1934/1444
f 1625/1926/1439 1630/1934/1444 1628/1931/1442
f 1571/1930/1378 1575/1935/1382 1626/1928/1440
f 1626/1928/1440 1575/1935/1382 1629/1933/1443
f 1584/1932/1391 1628/1931/1442 1631/1936/1445
f 1584/1932/1391 1631/1936/1445 1515/1937/769
f 1630/1934/1444 1629/1933/1443 1632/1938/1446
f 1630/1934/1444 1633/1939/1447 1628/1931/1442
f 1630/1934/1444 1632/1938/1446 1633/1939/1447
f 1628/1931/1442 1633/1939/1447 1631/1936/1445
f 1575/1935/1382 1579/1940/1386 1629/1933/1443
f 1629/1933/1443 1579/1940/1386 1632/1938/1446
f 1515/1937/769 1631/1936/1445 1578/1941/1385
f 1633/1939/1447 1632/1938/1446 1634/1942/1448
f 1633/1939/1447 1634/1942/1448 1631/1936/1445
f 1579/1940/1386 1582/1943/1389 1632/1938/1446
f 1632/1938/1446 1582/1943/1389 1634/1942/1448
f 1578/1941/1385 1631/1936/1445 1581/1944/1388
f 1581/1944/1388 1634/1942/1448 1582/1943/1389
f 1581/1944/1388 1631/1936/1445 1634/1942/1448
usemtl Material_#128
f 1635/1945/1 1636/1946/1449 1637/1947/1450
f 1635/1945/1 1638/1948/1451 1636/1946/1449
f 1635/1945/1 1637/1947/1450 1639/1949/1452
f 1635/1945/1 1640/1950/6 1638/1948/1451
f 1635/1945/1 1639/1949/1452 1641/1951/7
f 1635/1945/1 1641/1951/7 1640/1950/6
f 1636/1946/1449 1642/1952/1453 1637/1947/1450
f 1636/1946/1449 1638/1948/1451 1643/1953/1454
f 1636/1946/1449 1644/1954/1455 1642/1952/1453
f 1636/1946/1449 1643/1953/1454 1644/1954/1455
f 1639/1949/1452 1645/1955/1456 1641/1951/7
f 1639/1949/1452 1637/1947/1450 1646/1956/1457
f 1639/1949/1452 1647/1957/1458 1645/1955/1456
f 1639/1949/1452 1646/1956/1457 1647/1957/1458
f 1640/1950/6 1648/1958/1459 1638/1948/1451
f 1640/1950/6 1641/1951/7 1649/1959/15
f 1640/1950/6 1650/1960/1460 1648/1958/1459
f 1640/1950/6 1649/1959/15 1650/1960/1460
f 1642/1952/1453 1651/1961/1461 1637/1947/1450
f 1646/1956/1457 1651/1961/1461 1647/1957/1458
f 1646/1956/1457 1637/1947/1450 1651/1961/1461
f 1643/1953/1454 1652/1962/1462 1644/1954/1455
f 1643/1953/1454 1638/1948/1451 1653/1963/1463
f 1638/1948/1451 1648/1958/1459 1653/1963/1463
f 1645/1955/1456 1654/1964/1464 1641/1951/7
f 1645/1955/1456 1647/1957/1458 1655/1965/21
f 1645/1955/1456 1656/1966/1465 1654/1964/1464
f 1645/1955/1456 1655/1965/21 1656/1966/1465
f 1641/1951/7 1654/1964/1464 1649/1959/15
f 1650/1960/1460 1657/1967/1466 1648/1958/1459
f 1650/1960/1460 1649/1959/15 1658/1968/1467
f 1650/1960/1460 1659/1969/1468 1657/1967/1466
f 1650/1960/1460 1658/1968/1467 1659/1969/1468
f 1651/1961/1461 1660/1970/1469 1647/1957/1458
f 1647/1957/1458 1660/1970/1469 1655/1965/21
f 1653/1963/1463 1648/1958/1459 1661/1971/1470
f 1648/1958/1459 1657/1967/1466 1661/1971/1470
f 1656/1966/1465 1662/1972/28 1654/1964/1464
f 1656/1966/1465 1655/1965/21 1663/1973/1471
f 1656/1966/1465 1664/1974/1472 1662/1972/28
f 1656/1966/1465 1663/1973/1471 1664/1974/1472
f 1649/1959/15 1665/1975/1473 1658/1968/1467
f 1649/1959/15 1654/1964/1464 1665/1975/1473
f 1654/1964/1464 1662/1972/28 1665/1975/1473
f 1659/1969/1468 1666/1976/1474 1657/1967/1466
f 1660/1970/1469 1667/1977/1475 1655/1965/21
f 1655/1965/21 1667/1977/1475 1663/1973/1471
f 1661/1971/1470 1657/1967/1466 1668/1978/1476
f 1657/1967/1466 1666/1976/1474 1668/1978/1476
f 1664/1974/1472 1669/1979/1477 1662/1972/28
f 1664/1974/1472 1663/1973/1471 1670/1980/1478
f 1664/1974/1472 1671/1981/1479 1669/1979/1477
f 1664/1974/1472 1670/1980/1478 1671/1981/1479
f 1658/1968/1467 1665/1975/1473 1672/1982/1480
f 1667/1977/1475 1673/1983/1481 1663/1973/1471
f 1663/1973/1471 1673/1983/1481 1670/1980/1478
f 1666/1976/1474 1674/1984/1482 1668/1978/1476
f 1662/1972/28 1669/1979/1477 1675/1985/1483
f 1662/1972/28 1675/1985/1483 1665/1975/1473
f 1665/1975/1473 1675/1985/1483 1672/1982/1480
f 1671/1981/1479 1676/1986/1484 1669/1979/1477
f 1673/1983/1481 1677/1987/1485 1670/1980/1478
f 1675/1985/1483 1678/1988/1486 1672/1982/1480
f 1675/1985/1483 1669/1979/1477 1679/1989/1487
f 1675/1985/1483 1679/1989/1487 1678/1988/1486
f 1669/1979/1477 1676/1986/1484 1679/1989/1487
f 1678/1988/1486 1679/1989/1487 1680/1990/1488
f 1676/1986/1484 1681/1991/1489 1679/1989/1487
f 1679/1989/1487 1681/1991/1489 1680/1990/1488
f 1681/1991/1489 1682/1992/1490 1680/1990/1488
f 1683/1993/55 1684/1994/1491 1685/1995/1492
f 1683/1993/55 1686/1996/1493 1684/1994/1491
f 1683/1993/55 1685/1995/1492 1687/1997/1494
f 1683/1993/55 1688/1998/64 1686/1996/1493
f 1683/1993/55 1687/1997/1494 1689/1999/58
f 1683/1993/55 1689/1999/58 1688/1998/64
f 1684/1994/1491 1690/2000/1495 1685/1995/1492
f 1684/1994/1491 1686/1996/1493 1691/2001/1496
f 1684/1994/1491 1692/2002/1497 1690/2000/1495
f 1684/1994/1491 1691/2001/1496 1692/2002/1497
f 1687/1997/1494 1693/2003/1498 1689/1999/58
f 1687/1997/1494 1685/1995/1492 1694/2004/1499
f 1687/1997/1494 1695/2005/1500 1693/2003/1498
f 1687/1997/1494 1694/2004/1499 1695/2005/1500
f 1688/1998/64 1696/2006/1501 1686/1996/1493
f 1688/1998/64 1689/1999/58 1697/2007/65
f 1688/1998/64 1698/2008/1502 1696/2006/1501
f 1688/1998/64 1697/2007/65 1698/2008/1502
f 1690/2000/1495 1699/2009/1503 1685/1995/1492
f 1685/1995/1492 1699/2009/1503 1694/2004/1499
f 1691/2001/1496 1700/2010/1504 1692/2002/1497
f 1691/2001/1496 1686/1996/1493 1700/2010/1504
f 1686/1996/1493 1696/2006/1501 1700/2010/1504
f 1693/2003/1498 1695/2005/1500 1701/2011/1505
f 1693/2003/1498 1702/2012/1506 1689/1999/58
f 1693/2003/1498 1701/2011/1505 1703/2013/1507
f 1693/2003/1498 1703/2013/1507 1702/2012/1506
f 1689/1999/58 1702/2012/1506 1697/2007/65
f 1698/2008/1502 1704/2014/1508 1696/2006/1501
f 1698/2008/1502 1697/2007/65 1705/2015/1509
f 1698/2008/1502 1706/2016/1510 1704/2014/1508
f 1698/2008/1502 1705/2015/1509 1706/2016/1510
f 1699/2009/1503 1707/2017/1511 1694/2004/1499
f 1692/2002/1497 1700/2010/1504 1708/2018/1512
f 1701/2011/1505 1709/2019/1513 1703/2013/1507
f 1702/2012/1506 1710/2020/1514 1697/2007/65
f 1702/2012/1506 1703/2013/1507 1711/2021/1515
f 1702/2012/1506 1711/2021/1515 1710/2020/1514
f 1697/2007/65 1710/2020/1514 1705/2015/1509
f 1696/2006/1501 1704/2014/1508 1712/2022/1516
f 1696/2006/1501 1712/2022/1516 1700/2010/1504
f 1700/2010/1504 1712/2022/1516 1708/2018/1512
f 1706/2016/1510 1705/2015/1509 1713/1985/1517
f 1706/2016/1510 1714/2023/1518 1704/2014/1508
f 1706/2016/1510 1713/1985/1517 1715/2024/1519
f 1706/2016/1510 1715/2024/1519 1714/2023/1518
f 1709/2019/1513 1716/2025/1520 1703/2013/1507
f 1709/2019/1513 1717/2026/1521 1716/2025/1520
f 1716/2025/1520 1711/2021/1515 1703/2013/1507
f 1710/2020/1514 1718/2027/1522 1705/2015/1509
f 1705/2015/1509 1718/2027/1522 1713/1985/1517
f 1712/2022/1516 1719/2028/1523 1708/2018/1512
f 1712/2022/1516 1704/2014/1508 1720/2029/1524
f 1712/2022/1516 1720/2029/1524 1719/2028/1523
f 1704/2014/1508 1714/2023/1518 1720/2029/1524
f 1715/2024/1519 1713/1985/1517 1721/2030/1525
f 1715/2024/1519 1722/2031/1526 1714/2023/1518
f 1715/2024/1519 1721/2030/1525 1723/2032/1527
f 1715/2024/1519 1723/2032/1527 1722/2031/1526
f 1718/2027/1522 1724/2033/1528 1713/1985/1517
f 1713/1985/1517 1724/2033/1528 1721/2030/1525
f 1719/2028/1523 1720/2029/1524 1725/2034/1529
f 1714/2023/1518 1722/2031/1526 1726/2035/1530
f 1714/2023/1518 1726/2035/1530 1720/2029/1524
f 1720/2029/1524 1726/2035/1530 1725/2034/1529
f 1723/2032/1527 1721/2030/1525 1727/1991/1531
f 1724/2033/1528 1728/2036/1532 1721/2030/1525
f 1721/2030/1525 1728/2036/1532 1727/1991/1531
f 1726/2035/1530 1729/2037/1533 1725/2034/1529
f 1728/2036/1532 1730/2038/1534 1727/1991/1531
